Variable,VariableLabel,Group,MeanZ,CI95,N
Continuity,Topic continuity (TC),G1a,-0.6735061580295241,0.008254890024177916,203710
Continuity,Topic continuity (TC),G1b,-0.9850584870460636,0.017024565482664063,60272
Continuity,Topic continuity (TC),G2a,0.5125561859091005,0.01569945833719346,100422
Continuity,Topic continuity (TC),G2b,1.1460084591664872,0.02882280476817836,53215
Net_Consistency,Network consistency (NC),G1a,-0.1074589018216316,0.022034201447046594,203710
Net_Consistency,Network consistency (NC),G1b,0.7787590117217938,0.046745250671108136,60272
Net_Consistency,Network consistency (NC),G2a,-1.374077969469282,0.03531834004378323,100422
Net_Consistency,Network consistency (NC),G2b,0.702777859569124,0.053125735277828226,53215
Direct_rel,Direct mentor collaboration (DP),G1a,0.701101765461374,0.023887214166345688,203710
Direct_rel,Direct mentor collaboration (DP),G1b,-0.7545618129805685,0.024414907075124552,60272
Direct_rel,Direct mentor collaboration (DP),G2a,1.0110226114889889,0.046667012850977296,100422
Direct_rel,Direct mentor collaboration (DP),G2b,-0.9575625639697948,0.020106869652470216,53215
PeerCount_rel,Peer environment (PC),G1a,1.1322555822029368,0.05582715694515469,203710
PeerCount_rel,Peer environment (PC),G1b,-0.4629980358137467,0.08588144208731384,60272
PeerCount_rel,Peer environment (PC),G2a,0.4652703716053829,0.07528442539483263,100422
PeerCount_rel,Peer environment (PC),G2b,-1.1345279179945682,0.08679676156377561,53215
