Variable,Source_column,Group,N,P10,Q1,Median,Q3,P90,Mean,Std
Topic_Continuity,topic_continuity,G1a,43232,0.02083333333,0.05714285714,0.1058823529,0.1694915254,0.25,0.12532131386019216,0.10145425762337937
Topic_Continuity,topic_continuity,G1b,3456,0.0,0.0,0.03571428571,0.09375,0.1818181818,0.06820751313677229,0.10232624563268375
Topic_Continuity,topic_continuity,G2a,18677,0.0,0.05555555556,0.125,0.2,0.2820512821,0.13783271427415666,0.12209681684338046
Topic_Continuity,topic_continuity,G2b,904,0.0,0.0,0.05882352941,0.2,0.375,0.13269056436423673,0.19403687402671993
Net_Consistency,network_consistency,G1a,40856,0.0,0.0,0.0,0.25,0.5,0.1505748787955891,0.2423995863077683
Net_Consistency,network_consistency,G1b,2971,0.0,0.0,0.0,0.0,0.1363636364,0.05909474816604612,0.19958244310774872
Net_Consistency,network_consistency,G2a,21316,0.0,0.0,0.0,0.09090909091,0.3121639785,0.0858289203614931,0.17983870416123057
Net_Consistency,network_consistency,G2b,1651,0.0,0.0,0.0,0.0,0.0,0.01812997169082374,0.10770082727671472
Direct_Percent,direct_percent,G1a,40856,0.0,0.04705882353,0.3076923077,0.55,0.75,0.3382432138588507,0.2906829792266345
Direct_Percent,direct_percent,G1b,2971,0.0,0.0,0.0,0.4117647059,1.0,0.22536953150155165,0.3439105713623902
Direct_Percent,direct_percent,G2a,21316,0.0,0.09090909091,0.4,0.6666666667,0.8571428571,0.4111841373471381,0.32166887261327515
Direct_Percent,direct_percent,G2b,1651,0.0,0.0,0.0,0.48214285715,1.0,0.2284372113653543,0.3648377903448095
PeerCount_log,log_PeerCount,G1a,43240,0.0,0.0,0.6931471806,1.791759469,2.48490665,1.034950784433534,1.0047227659706812
PeerCount_log,log_PeerCount,G1b,6671,0.0,0.0,0.6931471806,1.386294361,2.079441542,0.7274318756757008,0.8941065090711096
PeerCount_log,log_PeerCount,G2a,22437,0.0,0.0,1.098612289,2.079441542,2.708050201,1.2323878724732895,1.0551984058501889
PeerCount_log,log_PeerCount,G2b,3702,0.0,0.0,0.6931471806,1.609437912,2.397895273,0.8907486674391141,0.9882078705139479
