window,variable,n,spearman_rho,p_value
5,Topic_Continuity,59583,0.22966750421169968,0.0
5,Net_Consistency,60464,0.31074257511994285,0.0
5,Direct_Percent,60464,-0.10116566457077686,2.772654164687866e-137
5,PeerCount_log,97140,-0.0592295719872988,3.20794443325835e-76
5,h_index,83430,0.17363303213670223,0.0
5,AvgPaperPerYear_Mentored,97140,0.8126139289519937,0.0
5,NetworkSize_Mentored,69289,0.5650831579541508,0.0
5,AvgTopPubPerYear_Mentored,97140,0.8224412571829349,0.0
10,Topic_Continuity,45684,0.16085858692349572,2.0344269377161825e-262
10,Net_Consistency,44816,0.2897568351477744,0.0
10,Direct_Percent,44816,-0.07153380391215748,6.258206957222794e-52
10,PeerCount_log,72255,-0.05960385523095143,7.200396635695237e-58
10,h_index,62085,0.1682231556671599,0.0
10,AvgPaperPerYear_Mentored,72255,0.817869113161666,0.0
10,NetworkSize_Mentored,52295,0.5707097104080281,0.0
10,AvgTopPubPerYear_Mentored,72255,0.8176549631963345,0.0
20,Topic_Continuity,22095,0.07481755213239857,8.365726579565396e-29
20,Net_Consistency,21092,0.26261683562098515,0.0
20,Direct_Percent,21092,-0.008410593802411988,0.22192442660485318
20,PeerCount_log,35895,-0.057303432268886866,1.6877062231712955e-27
20,h_index,30242,0.1617275834430199,2.589530623022015e-176
20,AvgPaperPerYear_Mentored,35895,0.8088749030056831,0.0
20,NetworkSize_Mentored,25804,0.5689064219996688,0.0
20,AvgTopPubPerYear_Mentored,35895,0.7939351657871706,0.0
