dataset_order,rows,rebuilt_nonmissing,rebuilt_missing,rebuilt_mean,rebuilt_median,mentor_joint_mean,mentor_joint_median,rebuilt_coverage
1,105322,74330,30992,59.85599354231132,12.0,21.47907827833015,3.0,0.7057404910654944
2,81857,59032,22825,40.95919162488142,10.0,12.856713426853709,2.0,0.7211600718325861
3,40843,29453,11390,20.68526126370828,6.0,6.870285310484939,1.0,0.721127243346473
4,76050,76050,0,61.10504930966469,12.0,21.737970025741856,3.0,1.0
5,101696,72168,29528,71.38941081919964,15.0,24.809959662395308,4.0,0.7096444304594084
6,76903,55558,21345,47.66067893012708,12.0,14.918570415421977,3.0,0.7224425575075094
7,38263,27538,10725,25.164608904059843,8.0,7.341925182481752,1.0,0.7197031074406084
8,76050,76050,0,75.71840894148586,16.0,26.327566938656787,4.0,1.0
9,97140,69289,27851,82.75879288198703,19.0,26.800145541148453,4.0,0.713290096767552
10,72255,52295,19960,56.035089396691845,15.0,16.55464566226348,3.0,0.7237561414434988
11,35895,25804,10091,30.158618818787787,10.0,8.160534799924141,1.0,0.7188744950550215
12,76050,76050,0,91.69627876397108,20.0,31.09455939156212,4.0,1.0
13,72255,52295,19960,56.035089396691845,15.0,16.55464566226348,3.0,0.7237561414434988
14,35895,25804,10091,30.158618818787787,10.0,8.160534799924141,1.0,0.7188744950550215
