family,gap,horizon,analysis,treatment,treatment_cutoff,ps_model_rows,treated_supported,control_supported,matched_pairs,caliper_scale,caliper_logit_ps,max_abs_smd_after,balance_pass
mentorship_period,1,pre_graduation,PSM0,T0,,69114,56915,12199,56915,0.2,0.4467890161417606,0.0160585866399726,True
mentorship_period,2,pre_graduation,PSM0,T0,,69685,59772,9913,59772,0.2,0.4322258902585673,0.0136858453929879,True
mentorship_period,3,pre_graduation,PSM0,T0,,70183,61978,8205,61978,0.2,0.4190923584960787,0.0147077658563744,True
conventional,1,L5,PSM1,T1,,67219,57657,9562,57655,0.2,0.2959870773842644,0.03004322001622,True
conventional,1,L5,PSM2:topic_continuity,T2,0.1538461538,55214,27548,27666,27544,0.2,0.0645298066979668,0.0098626109685097,True
conventional,1,L5,PSM2:network_consistency,T2,0.0,54906,24799,30107,24799,0.2,0.2615310768884918,0.0122634512691821,True
conventional,1,L5,PSM2:direct_percent,T2,0.3888888889,55254,27593,27661,27591,0.2,0.2484515169691963,0.0058833871899269,True
conventional,1,L5,PSM2:log_PeerCount,T2,0.6931471806,58133,26368,31765,26367,0.2,0.1084683596066194,0.0063561274422442,True
conventional,1,L10,PSM1,T1,,52986,47852,5134,47852,0.2,0.2936665777536066,0.0383055730712106,True
conventional,1,L10,PSM2:topic_continuity,T2,0.1176470588,44753,22592,22161,22592,0.2,0.1028392282365226,0.0136422676462577,True
conventional,1,L10,PSM2:network_consistency,T2,0.0,44195,19005,25190,19005,0.2,0.2623863714088031,0.0125173925200904,True
conventional,1,L10,PSM2:direct_percent,T2,0.3571428571,44776,22371,22405,22371,0.2,0.2354158148135157,0.0068519482857747,True
conventional,1,L10,PSM2:log_PeerCount,T2,0.6931471806,48329,21510,26819,21510,0.2,0.1180298713227996,0.0069908668652625,True
conventional,1,L20,PSM1,T1,,25786,23851,1935,23851,0.2,0.3121393669738631,0.0684883235989682,True
conventional,1,L20,PSM2:topic_continuity,T2,0.07352941176,21723,11108,10615,11108,0.2,0.1465675896314311,0.0179702502490895,True
conventional,1,L20,PSM2:network_consistency,T2,0.0,21046,7325,13721,7325,0.2,0.2571165833836756,0.0184739410415884,True
conventional,1,L20,PSM2:direct_percent,T2,0.2857142857,21742,10759,10983,10759,0.2,0.2159788967550444,0.0152513388346661,True
conventional,1,L20,PSM2:log_PeerCount,T2,0.6931471806,24373,8704,15669,8704,0.2,0.1281945457706874,0.0073649830997569,True
conventional,2,L5,PSM1,T1,,65620,55721,9899,55721,0.2,0.2985256315742482,0.0303937768534766,True
conventional,2,L5,PSM2:topic_continuity,T2,0.1578947368,54379,27293,27086,27293,0.2,0.0656961982174442,0.0101576873276483,True
conventional,2,L5,PSM2:network_consistency,T2,0.0,54145,22558,31587,22558,0.2,0.262546027831963,0.0130526562368583,True
conventional,2,L5,PSM2:direct_percent,T2,0.3396226415,54422,27212,27210,27210,0.2,0.2428319497959549,0.0069948928478546,True
conventional,2,L5,PSM2:log_PeerCount,T2,0.6931471806,56305,26996,29309,26994,0.2,0.1117385493879529,0.0063847130942422,True
conventional,2,L10,PSM1,T1,,50174,44886,5288,44293,0.2,0.2970416937100243,0.0291491971719625,True
conventional,2,L10,PSM2:topic_continuity,T2,0.125,43022,21134,21888,21124,0.2,0.1114692028162311,0.013256290008803,True
conventional,2,L10,PSM2:network_consistency,T2,0.0,42519,16851,25668,16851,0.2,0.2604292373324673,0.0141355829818469,True
conventional,2,L10,PSM2:direct_percent,T2,0.3333333333,43010,20640,22370,20640,0.2,0.229113118079402,0.0078081160590317,True
conventional,2,L10,PSM2:log_PeerCount,T2,0.6931471806,45394,21257,24137,21257,0.2,0.1208982508536595,0.0075556318238974,True
conventional,2,L20,PSM1,T1,,23605,21655,1950,21655,0.2,0.3017370540678666,0.0486810282646249,True
conventional,2,L20,PSM2:topic_continuity,T2,0.08333333333,20881,10310,10571,10310,0.2,0.1526027530488719,0.0178156756788252,True
conventional,2,L20,PSM2:network_consistency,T2,0.0,20233,6487,13746,6487,0.2,0.2538654409822553,0.0190247625526736,True
conventional,2,L20,PSM2:direct_percent,T2,0.25,20898,10410,10488,10410,0.2,0.2133354231656282,0.0153893441527174,True
conventional,2,L20,PSM2:log_PeerCount,T2,0.6931471806,22779,8583,14196,8583,0.2,0.1299675032390295,0.0067360760055723,True
conventional,3,L5,PSM1,T1,,63197,53263,9934,53263,0.2,0.3020822552649413,0.0336659190240395,True
conventional,3,L5,PSM2:topic_continuity,T2,0.1666666667,52728,24312,28416,24312,0.2,0.0728402458771379,0.0115460482968463,True
conventional,3,L5,PSM2:network_consistency,T2,0.0,52302,20161,32141,20161,0.2,0.2456599365489326,0.0107148017283594,True
conventional,3,L5,PSM2:direct_percent,T2,0.3023255814,52754,26375,26379,26374,0.2,0.2415115984225558,0.0065023428329689,True
conventional,3,L5,PSM2:log_PeerCount,T2,0.6931471806,54022,26950,27072,26947,0.2,0.1163255010665508,0.0079295297686955,True
conventional,3,L10,PSM1,T1,,47427,42098,5329,41476,0.2,0.3163052613478712,0.0393985705174053,True
conventional,3,L10,PSM2:topic_continuity,T2,0.1333333333,41083,20608,20475,20607,0.2,0.1087504534561538,0.0138550838741791,True
conventional,3,L10,PSM2:network_consistency,T2,0.0,40634,14985,25649,14985,0.2,0.2540579343812345,0.0134597034431608,True
conventional,3,L10,PSM2:direct_percent,T2,0.2857142857,41096,20136,20960,20136,0.2,0.2282961323013444,0.00873033341399,True
conventional,3,L10,PSM2:log_PeerCount,T2,0.6931471806,42699,20734,21965,20734,0.2,0.1254946548393314,0.0077848443922857,True
conventional,3,L20,PSM1,T1,,21908,19968,1940,19968,0.2,0.3055689169479224,0.0510946091901886,True
conventional,3,L20,PSM2:topic_continuity,T2,0.09090909091,19981,9928,10053,9906,0.2,0.1570219010686271,0.0172889565434038,True
conventional,3,L20,PSM2:network_consistency,T2,0.0,19393,5880,13513,5880,0.2,0.2491330047650518,0.0155560019909142,True
conventional,3,L20,PSM2:direct_percent,T2,0.2222222222,19972,9962,10010,9962,0.2,0.2036805361826275,0.0176441702657455,True
conventional,3,L20,PSM2:log_PeerCount,T2,0.6931471806,21396,8412,12984,8412,0.2,0.1324119673648209,0.008812903707272,True
landmark,3,early1_3_to_later4_10,PSM1,T1,,47473,40294,7179,40294,0.2,0.2719911874329596,0.0350727434114321,True
landmark,3,early1_3_to_later4_10,PSM2:topic_continuity,T2,0.1666666667,37894,18087,19807,18083,0.2,0.0606751758456425,0.0128019492676262,True
landmark,3,early1_3_to_later4_10,PSM2:network_consistency,T2,0.0,37412,12134,25278,12134,0.2,0.2375914483489153,0.0126553511321478,True
landmark,3,early1_3_to_later4_10,PSM2:direct_percent,T2,0.275862069,39373,19685,19688,19685,0.2,0.2270383891444326,0.0098496983678303,True
landmark,3,early1_3_to_later4_10,PSM2:log_PeerCount,T2,0.6931471806,40850,19611,21239,19611,0.2,0.127156263237865,0.0073448851654404,True
landmark,3,early1_3_to_later6_20,PSM1,T1,,23332,20770,2562,20614,0.2,0.2718437857152538,0.0528218751654493,True
landmark,3,early1_3_to_later6_20,PSM2:topic_continuity,T2,0.1612903226,18511,9362,9149,9354,0.2,0.0657445868147227,0.0155273884821195,True
landmark,3,early1_3_to_later6_20,PSM2:network_consistency,T2,0.0,17681,4469,13212,4469,0.2,0.2184302476164684,0.0140136369977725,True
landmark,3,early1_3_to_later6_20,PSM2:direct_percent,T2,0.2222222222,19438,9674,9764,9674,0.2,0.2006332958171414,0.0176852321770509,True
landmark,3,early1_3_to_later6_20,PSM2:log_PeerCount,T2,0.6931471806,20764,8061,12703,8061,0.2,0.1320042561244357,0.0082161560738698,True
overall,1,overall_career,PSM1,T1,,68839,63160,5679,62964,0.2,0.2518303927093988,0.0282740367752466,True
overall,2,overall_career,PSM1,T1,,69857,62958,6899,62762,0.2,0.2439096535413928,0.0259980799982031,True
overall,3,overall_career,PSM1,T1,,70292,61993,8299,61993,0.2,0.2294083953048854,0.0223824775504819,True
