family,gap,horizon,analysis,treatment,treatment_cutoff,ps_model_rows,treated_supported,control_supported,matched_pairs,caliper_scale,caliper_logit_ps,max_abs_smd_after,balance_pass,outcome,matched_pairs_with_outcome,treated_mean,control_mean,mean_difference,outcome_smd,paired_p_value,clustered_std_error,clustered_p_value
mentorship_period,1,pre_graduation,PSM0,T0,,69114,56915,12199,56915,0.2,0.4467890161417606,0.0160585866399726,True,direct_percent,56584,0.4233000213227239,0.2788345709071451,0.1444654504155788,0.4162366711335182,0.0,0.0133578630341759,2.0868743205590686e-26
mentorship_period,1,pre_graduation,PSM0,T0,,69114,56915,12199,56915,0.2,0.4467890161417606,0.0160585866399726,True,log_PeerCount,56915,0.9896150253987392,0.9152210445576652,0.074393980841074,0.0772147754499503,2.0482954315709528e-42,0.045485522388202,0.101933181870519
mentorship_period,2,pre_graduation,PSM0,T0,,69685,59772,9913,59772,0.2,0.4322258902585673,0.0136858453929879,True,direct_percent,59505,0.3967275205284876,0.2528641284090069,0.1438633921194806,0.437992932302975,0.0,0.0137946176363942,6.899264198334728e-25
mentorship_period,2,pre_graduation,PSM0,T0,,69685,59772,9913,59772,0.2,0.4322258902585673,0.0136858453929879,True,log_PeerCount,59772,1.0517964305396708,0.8769787062389179,0.1748177243007528,0.1788307672652292,8.737961232831055e-225,0.044431723273224,8.336140543048433e-05
mentorship_period,3,pre_graduation,PSM0,T0,,70183,61978,8205,61978,0.2,0.4190923584960787,0.0147077658563744,True,direct_percent,61743,0.3645017158716362,0.2213848352511638,0.1431168806204724,0.4674591865477209,0.0,0.0147730377131615,8.4607654782469445e-22
mentorship_period,3,pre_graduation,PSM0,T0,,70183,61978,8205,61978,0.2,0.4190923584960787,0.0147077658563744,True,log_PeerCount,61978,1.1021757339114235,0.9672772751160446,0.134898458795379,0.1318077161828007,1.1340413346835608e-130,0.0595551264979961,0.0235063975971101
conventional,1,L5,PSM1,T1,,67219,57657,9562,57655,0.2,0.2959870773842644,0.03004322001622,True,topic_continuity,28498,0.1778722111204379,0.1101796371407131,0.0676925739797248,0.4257431936558503,0.0,0.0062249344825764,1.0045493122150476e-26
conventional,1,L5,PSM1,T1,,67219,57657,9562,57655,0.2,0.2959870773842644,0.03004322001622,True,network_consistency,54774,0.1690591145041479,0.0370938572888101,0.1319652572153378,0.6309283019213703,0.0,0.0040771774151948,8.451173665916822e-230
conventional,1,L5,PSM1,T1,,67219,57657,9562,57655,0.2,0.2959870773842644,0.03004322001622,True,direct_percent,54774,0.4066402636449355,0.4672601883548318,-0.0606199247098963,-0.1744387823658907,5.1613278121811716e-228,0.0120090520459429,4.439219951613154e-07
conventional,1,L5,PSM1,T1,,67219,57657,9562,57655,0.2,0.2959870773842644,0.03004322001622,True,log_PeerCount,57655,0.9436745368261108,1.3044289261361377,-0.3607543893100269,-0.3532076355648698,0.0,0.041028086699657,1.4579482504641752e-18
conventional,1,L5,PSM2:topic_continuity,T2,0.1538461538,55214,27548,27666,27544,0.2,0.0645298066979668,0.0098626109685097,True,AvgTopPubPerYear_Post,27544,2.385463258785943,2.36620679639849,0.0192564623874528,0.0060465324487918,0.3148705280354806,0.0422810908487889,0.648793363936055
conventional,1,L5,PSM2:network_consistency,T2,0.0,54906,24799,30107,24799,0.2,0.2615310768884918,0.0122634512691821,True,AvgTopPubPerYear_Post,24799,2.6628735029638286,2.414403806605105,0.2484696963587241,0.0695173212425585,4.694551523424131e-25,0.0462325182266934,7.68597857108869e-08
conventional,1,L5,PSM2:direct_percent,T2,0.3888888889,55254,27593,27661,27591,0.2,0.2484515169691963,0.0058833871899269,True,AvgTopPubPerYear_Post,27591,1.869160233409445,2.0181146025878003,-0.1489543691783552,-0.0612451080023644,6.244399590508161e-24,0.0272350408740227,4.5202611452057774e-08
conventional,1,L5,PSM2:log_PeerCount,T2,0.6931471806,58133,26368,31765,26367,0.2,0.1084683596066194,0.0063561274422442,True,AvgTopPubPerYear_Post,26367,2.096476656426593,2.285151894413471,-0.1886752379868775,-0.0625423546700819,4.812449742001513e-25,0.0357157083390253,1.2729636447446376e-07
conventional,1,L10,PSM1,T1,,52986,47852,5134,47852,0.2,0.2936665777536066,0.0383055730712106,True,topic_continuity,24868,0.139874756576227,0.1155396343864661,0.0243351221897609,0.1557928850583768,3.4748530065599747e-81,0.0085580431401813,0.0085953236494847
conventional,1,L10,PSM1,T1,,52986,47852,5134,47852,0.2,0.2936665777536066,0.0383055730712106,True,network_consistency,44336,0.1729167181060973,0.0404061689068079,0.1325105491992894,0.6090979393894257,0.0,0.0055836825926414,1.812406966646748e-124
conventional,1,L10,PSM1,T1,,52986,47852,5134,47852,0.2,0.2936665777536066,0.0383055730712106,True,direct_percent,44336,0.3944562393392586,0.4808287965057787,-0.0863725571665199,-0.2454816477997402,0.0,0.0141547675618967,1.031064234628718e-09
conventional,1,L10,PSM1,T1,,52986,47852,5134,47852,0.2,0.2936665777536066,0.0383055730712106,True,log_PeerCount,47852,0.9313367522548108,1.3957319009716878,-0.464395148716877,-0.4547429922317828,0.0,0.0475955416932853,1.7197880006564042e-22
conventional,1,L10,PSM2:topic_continuity,T2,0.1176470588,44753,22592,22161,22592,0.2,0.1028392282365226,0.0136422676462577,True,AvgTopPubPerYear_Post,22592,2.494068696883853,2.9720254957507084,-0.4779567988668555,-0.1322008574522185,2.472630320126333e-68,0.0599310997735769,1.5225162795659869e-15
conventional,1,L10,PSM2:network_consistency,T2,0.0,44195,19005,25190,19005,0.2,0.2623863714088031,0.0125173925200904,True,AvgTopPubPerYear_Post,19005,2.9631728492501974,2.641010260457774,0.3221625887924231,0.0891670262368453,2.5676840177989754e-28,0.0541803015952491,2.745724627153272e-09
conventional,1,L10,PSM2:direct_percent,T2,0.3571428571,44776,22371,22405,22371,0.2,0.2354158148135157,0.0068519482857747,True,AvgTopPubPerYear_Post,22371,2.130476956774395,2.267784184882214,-0.1373072281078181,-0.0522344765596697,2.27570454259303e-12,0.0347906809950375,7.924669626124364e-05
conventional,1,L10,PSM2:log_PeerCount,T2,0.6931471806,48329,21510,26819,21510,0.2,0.1180298713227996,0.0069908668652625,True,AvgTopPubPerYear_Post,21510,2.257852161785216,2.525220827522083,-0.2673686657368666,-0.0839383232465809,1.4221814986711252e-29,0.0439008336114376,1.127086175233696e-09
conventional,1,L20,PSM1,T1,,25786,23851,1935,23851,0.2,0.3121393669738631,0.0684883235989682,True,topic_continuity,12755,0.0928930434707551,0.1000005028494935,-0.0071074593787383,-0.0741950586537782,3.554885726075823e-06,0.010760246553142,0.3936324663224844
conventional,1,L20,PSM1,T1,,25786,23851,1935,23851,0.2,0.3121393669738631,0.0684883235989682,True,network_consistency,21240,0.1515622978380041,0.0567374405803783,0.0948248572576258,0.4180622760686709,0.0,0.0123704563326288,1.80653076711942e-14
conventional,1,L20,PSM1,T1,,25786,23851,1935,23851,0.2,0.3121393669738631,0.0684883235989682,True,direct_percent,21240,0.3566310872760108,0.447626460858841,-0.0909953735828301,-0.2497688426176036,4.2567645212289963e-175,0.0272729949381802,0.0008428936052067
conventional,1,L20,PSM1,T1,,25786,23851,1935,23851,0.2,0.3121393669738631,0.0684883235989682,True,log_PeerCount,23851,0.7453770892218273,1.3190557645478094,-0.573678675325982,-0.5948031988135468,0.0,0.0677535827909606,2.515043488212215e-17
conventional,1,L20,PSM2:topic_continuity,T2,0.07352941176,21723,11108,10615,11108,0.2,0.1465675896314311,0.0179702502490895,True,AvgTopPubPerYear_Post,11108,2.696421498019445,3.987013863881887,-1.2905923658624416,-0.3359337790084984,2.9272956548852017e-187,0.1020435090949851,1.155335878410861e-36
conventional,1,L20,PSM2:network_consistency,T2,0.0,21046,7325,13721,7325,0.2,0.2571165833836756,0.0184739410415884,True,AvgTopPubPerYear_Post,7325,3.666928327645051,3.2720546075085326,0.3948737201365187,0.1049538556993599,3.251816285674153e-13,0.0898022401633104,1.096826747705836e-05
conventional,1,L20,PSM2:direct_percent,T2,0.2857142857,21742,10759,10983,10759,0.2,0.2159788967550444,0.0152513388346661,True,AvgTopPubPerYear_Post,10759,2.7449995352727945,2.7386978343712243,0.0063017009015707,0.0020483110003886,0.8647894420881246,0.055897051506142,0.9102385699548364
conventional,1,L20,PSM2:log_PeerCount,T2,0.6931471806,24373,8704,15669,8704,0.2,0.1281945457706874,0.0073649830997569,True,AvgTopPubPerYear_Post,8704,2.540969669117647,3.023150275735294,-0.4821806066176471,-0.1459763089994114,2.4888254464027837e-29,0.0707339253356651,9.30762101091259e-12
conventional,2,L5,PSM1,T1,,65620,55721,9899,55721,0.2,0.2985256315742482,0.0303937768534766,True,topic_continuity,24460,0.1761539256004495,0.1012967386794263,0.0748571869210231,0.5047847174812056,0.0,0.006001055258957,1.469359315345798e-36
conventional,2,L5,PSM1,T1,,65620,55721,9899,55721,0.2,0.2985256315742482,0.0303937768534766,True,network_consistency,53838,0.1401667801769762,0.02437551755008,0.1157912626268961,0.630137374232966,0.0,0.0026707347105212,0.0
conventional,2,L5,PSM1,T1,,65620,55721,9899,55721,0.2,0.2985256315742482,0.0303937768534766,True,direct_percent,53838,0.3773682538257912,0.4709441602766967,-0.0935759064509054,-0.2807314129436326,0.0,0.0113612741191697,1.7475844852661903e-16
conventional,2,L5,PSM1,T1,,65620,55721,9899,55721,0.2,0.2985256315742482,0.0303937768534766,True,log_PeerCount,55721,1.0102350809443656,1.4125389432655302,-0.4023038623211643,-0.3807520010604655,0.0,0.03761681149812,1.0766440717804147e-26
conventional,2,L5,PSM2:topic_continuity,T2,0.1578947368,54379,27293,27086,27293,0.2,0.0656961982174442,0.0101576873276483,True,AvgTopPubPerYear_Post,27293,2.600271131792035,2.4375700729124685,0.1627010588795662,0.0481533921766941,2.583080858664141e-14,0.045904037551011,0.0003935471541464
conventional,2,L5,PSM2:network_consistency,T2,0.0,54145,22558,31587,22558,0.2,0.262546027831963,0.0130526562368583,True,AvgTopPubPerYear_Post,22558,2.932813192658924,2.635526199131129,0.297286993527795,0.07606498970235,4.587528931930829e-26,0.0535307547598608,2.7988752587507667e-08
conventional,2,L5,PSM2:direct_percent,T2,0.3396226415,54422,27212,27210,27210,0.2,0.2428319497959549,0.0069948928478546,True,AvgTopPubPerYear_Post,27210,2.022307975009188,2.2044027930907752,-0.1820948180815876,-0.0680137611690329,1.5086256663290974e-27,0.0321402313858836,1.4648108938711737e-08
conventional,2,L5,PSM2:log_PeerCount,T2,0.6931471806,56305,26996,29309,26994,0.2,0.1117385493879529,0.0063847130942422,True,AvgTopPubPerYear_Post,26994,2.268933837148996,2.43605986515522,-0.1671260280062236,-0.051622007144323,1.440373517089642e-17,0.039412393722946,2.230786024835149e-05
conventional,2,L10,PSM1,T1,,50174,44886,5288,44293,0.2,0.2970416937100243,0.0291491971719625,True,topic_continuity,22026,0.144564013049704,0.1046930476819091,0.0398709653677948,0.2867478600394413,1.401498562691094e-228,0.0065238343320941,1.065748176256967e-08
conventional,2,L10,PSM1,T1,,50174,44886,5288,44293,0.2,0.2970416937100243,0.0291491971719625,True,network_consistency,41958,0.144925503255767,0.0301361738847836,0.1147893293709833,0.5905454094095252,0.0,0.0048506417625301,8.748879753604121e-124
conventional,2,L10,PSM1,T1,,50174,44886,5288,44293,0.2,0.2970416937100243,0.0291491971719625,True,direct_percent,41958,0.3673401593272988,0.4736217343895907,-0.1062815750622919,-0.3138700597272713,0.0,0.0130604657622149,3.9636757268524526e-16
conventional,2,L10,PSM1,T1,,50174,44886,5288,44293,0.2,0.2970416937100243,0.0291491971719625,True,log_PeerCount,44293,0.9919679851485244,1.5189736864927506,-0.5270057013442259,-0.5003255211588746,0.0,0.0472836699280554,7.522064861231009e-29
conventional,2,L10,PSM2:topic_continuity,T2,0.125,43022,21134,21888,21124,0.2,0.1114692028162311,0.013256290008803,True,AvgTopPubPerYear_Post,21124,2.7252224957394438,3.041251656883166,-0.3160291611437228,-0.0803605047430262,2.2620684283102725e-25,0.0706579754028018,7.725224566249144e-06
conventional,2,L10,PSM2:network_consistency,T2,0.0,42519,16851,25668,16851,0.2,0.2604292373324673,0.0141355829818469,True,AvgTopPubPerYear_Post,16851,3.2186932526259566,2.853100706189544,0.3655925464364132,0.0920872503114331,7.155776464834812e-26,0.0623457948663071,4.519870141705242e-09
conventional,2,L10,PSM2:direct_percent,T2,0.3333333333,43010,20640,22370,20640,0.2,0.229113118079402,0.0078081160590317,True,AvgTopPubPerYear_Post,20640,2.245581395348837,2.375,-0.1294186046511627,-0.0443050669178939,8.843944942158996e-10,0.0411816590463379,0.0016743890566198
conventional,2,L10,PSM2:log_PeerCount,T2,0.6931471806,45394,21257,24137,21257,0.2,0.1208982508536595,0.0075556318238974,True,AvgTopPubPerYear_Post,21257,2.399092063790752,2.666589829232723,-0.267497765441972,-0.0773393994039389,2.0352233692954387e-23,0.0495098397957085,6.556424965140046e-08
conventional,2,L20,PSM1,T1,,23605,21655,1950,21655,0.2,0.3017370540678666,0.0486810282646249,True,topic_continuity,11241,0.0972926282117172,0.0956995923644302,0.0015930358472869,0.0039547205402422,0.31915650217794,0.0098434675984108,0.9616339467685148
conventional,2,L20,PSM1,T1,,23605,21655,1950,21655,0.2,0.3017370540678666,0.0486810282646249,True,network_consistency,19780,0.125402075452273,0.0395873007011524,0.0858147747511205,0.4236446360853512,0.0,0.0088400893424537,2.8421520742889826e-22
conventional,2,L20,PSM1,T1,,23605,21655,1950,21655,0.2,0.3017370540678666,0.0486810282646249,True,direct_percent,19780,0.3317349243379282,0.4876000114333829,-0.1558650870954546,-0.446780465151941,0.0,0.0238658090659214,6.476722672526319e-11
conventional,2,L20,PSM1,T1,,23605,21655,1950,21655,0.2,0.3017370540678666,0.0486810282646249,True,log_PeerCount,21655,0.7918721540597091,1.390338201735008,-0.598466047675299,-0.5982226491008908,0.0,0.0659648799444091,1.163222546991667e-19
conventional,2,L20,PSM2:topic_continuity,T2,0.08333333333,20881,10310,10571,10310,0.2,0.1526027530488719,0.0178156756788252,True,AvgTopPubPerYear_Post,10310,2.851503394762367,3.9607613967022304,-1.1092580019398643,-0.2788998227573337,8.30782915449774e-124,0.118078265422328,5.7621076739025544e-21
conventional,2,L20,PSM2:network_consistency,T2,0.0,20233,6487,13746,6487,0.2,0.2538654409822553,0.0190247625526736,True,AvgTopPubPerYear_Post,6487,3.899414213041468,3.41051333436103,0.4889008786804378,0.1232490986423941,8.24532662337066e-17,0.100932716465006,1.2736017553415534e-06
conventional,2,L20,PSM2:direct_percent,T2,0.25,20898,10410,10488,10410,0.2,0.2133354231656282,0.0153893441527174,True,AvgTopPubPerYear_Post,10410,2.803976945244957,2.7569884726224783,0.0469884726224783,0.0150955505649162,0.2106930970644701,0.0595328318296043,0.4299444558612195
conventional,2,L20,PSM2:log_PeerCount,T2,0.6931471806,22779,8583,14196,8583,0.2,0.1299675032390295,0.0067360760055723,True,AvgTopPubPerYear_Post,8583,2.640714202493301,3.06371897937784,-0.4230047768845392,-0.1235938442068581,1.4698107239018508e-21,0.0781701981028862,6.255819246405848e-08
conventional,3,L5,PSM1,T1,,63197,53263,9934,53263,0.2,0.3020822552649413,0.0336659190240395,True,topic_continuity,24419,0.1798883061631605,0.0937874321924441,0.0861008739707163,0.6277497614361894,0.0,0.0047341848182784,3.707020006844013e-72
conventional,3,L5,PSM1,T1,,63197,53263,9934,53263,0.2,0.3020822552649413,0.0336659190240395,True,network_consistency,51994,0.1186330543800639,0.0222311679898127,0.0964018863902512,0.5760385880525255,0.0,0.0025272521534929,0.0
conventional,3,L5,PSM1,T1,,63197,53263,9934,53263,0.2,0.3020822552649413,0.0336659190240395,True,direct_percent,51994,0.3411771286151192,0.4570423270960302,-0.115865198480911,-0.3607877055963294,0.0,0.0115097573603119,7.709321779999477e-24
conventional,3,L5,PSM1,T1,,63197,53263,9934,53263,0.2,0.3020822552649413,0.0336659190240395,True,log_PeerCount,53263,1.06631270730147,1.4892300970896122,-0.4229173897881418,-0.3890587560125196,0.0,0.0382946521735433,2.34959339607444e-28
conventional,3,L5,PSM2:topic_continuity,T2,0.1666666667,52728,24312,28416,24312,0.2,0.0728402458771379,0.0115460482968463,True,AvgTopPubPerYear_Post,24312,2.906350773280684,2.558226390259954,0.3481243830207305,0.085389774135096,3.053720264699928e-34,0.0558116858557099,4.44670402127428e-10
conventional,3,L5,PSM2:network_consistency,T2,0.0,52302,20161,32141,20161,0.2,0.2456599365489326,0.0107148017283594,True,AvgTopPubPerYear_Post,20161,3.1917166807202024,2.890680025792372,0.3010366549278309,0.0685576692962894,1.8038822641283972e-20,0.0638546395809054,2.4241764596449185e-06
conventional,3,L5,PSM2:direct_percent,T2,0.3023255814,52754,26375,26379,26374,0.2,0.2415115984225558,0.0065023428329689,True,AvgTopPubPerYear_Post,26374,2.109683779479791,2.3192613937969213,-0.2095776143171304,-0.0737569099068953,6.322379787254082e-30,0.032114050817564,6.753081374643085e-11
conventional,3,L5,PSM2:log_PeerCount,T2,0.6931471806,54022,26950,27072,26947,0.2,0.1163255010665508,0.0079295297686955,True,AvgTopPubPerYear_Post,26947,2.4179389171336325,2.538687052362044,-0.1207481352284113,-0.0368499222209187,1.9451779666036398e-09,0.0404289176384137,0.0028202714160424
conventional,3,L10,PSM1,T1,,47427,42098,5329,41476,0.2,0.3163052613478712,0.0393985705174053,True,topic_continuity,20207,0.1517924855728945,0.0939809497515723,0.0578115358213222,0.4414069775904,0.0,0.0081832216977813,5.235504375648189e-11
conventional,3,L10,PSM1,T1,,47427,42098,5329,41476,0.2,0.3163052613478712,0.0393985705174053,True,network_consistency,39881,0.1246639412971776,0.0298901105008534,0.0947738307963241,0.5225973702856852,0.0,0.0049268269845378,1.884973384762901e-82
conventional,3,L10,PSM1,T1,,47427,42098,5329,41476,0.2,0.3163052613478712,0.0393985705174053,True,direct_percent,39881,0.330818718762483,0.452695787210086,-0.1218770684476031,-0.3757530821980915,0.0,0.0144871108565466,3.964690821425727e-17
conventional,3,L10,PSM1,T1,,47427,42098,5329,41476,0.2,0.3163052613478712,0.0393985705174053,True,log_PeerCount,41476,1.043230953276579,1.558117272198568,-0.5148863189219886,-0.4743211627813563,0.0,0.0615458633242835,5.965958000911983e-17
conventional,3,L10,PSM2:topic_continuity,T2,0.1333333333,41083,20608,20475,20607,0.2,0.1087504534561538,0.0138550838741791,True,AvgTopPubPerYear_Post,20607,2.900892900470714,3.1897219391468923,-0.288829038676178,-0.0684535364208392,3.905309207269793e-19,0.0814203963944342,0.000389083807849
conventional,3,L10,PSM2:network_consistency,T2,0.0,40634,14985,25649,14985,0.2,0.2540579343812345,0.0134597034431608,True,AvgTopPubPerYear_Post,14985,3.460573907240574,3.1248982315648983,0.3356756756756756,0.0765428804442245,4.448687889470148e-17,0.0726279108992262,3.803237543341087e-06
conventional,3,L10,PSM2:direct_percent,T2,0.2857142857,41096,20136,20960,20136,0.2,0.2282961323013444,0.00873033341399,True,AvgTopPubPerYear_Post,20136,2.343012514898689,2.528843861740167,-0.1858313468414779,-0.0610528970545447,2.126545716908985e-15,0.0408028515841756,5.2542415457216414e-06
conventional,3,L10,PSM2:log_PeerCount,T2,0.6931471806,42699,20734,21965,20734,0.2,0.1254946548393314,0.0077848443922857,True,AvgTopPubPerYear_Post,20734,2.5351596411690944,2.8156699141506705,-0.2805102729815761,-0.0771801461974441,6.387713290446155e-24,0.0584056438917838,1.56466877584864e-06
conventional,3,L20,PSM1,T1,,21908,19968,1940,19968,0.2,0.3055689169479224,0.0510946091901886,True,topic_continuity,9068,0.102075537711424,0.0840798896760586,0.0179956480353653,0.1643956293545827,2.3288574507590078e-26,0.008832142763485,0.0359981565033403
conventional,3,L20,PSM1,T1,,21908,19968,1940,19968,0.2,0.3055689169479224,0.0510946091901886,True,network_consistency,18573,0.1103904312146686,0.0330150873195375,0.0773753438951311,0.4114915736947078,0.0,0.0078438211904943,5.978118676453909e-23
conventional,3,L20,PSM1,T1,,21908,19968,1940,19968,0.2,0.3055689169479224,0.0510946091901886,True,direct_percent,18573,0.2983090365518032,0.4601130298417643,-0.161803993289961,-0.490370535408113,0.0,0.0235137122627132,5.904117484270249e-12
conventional,3,L20,PSM1,T1,,21908,19968,1940,19968,0.2,0.3055689169479224,0.0510946091901886,True,log_PeerCount,19968,0.8328582093526342,1.401842670783143,-0.5689844614305088,-0.5562320438354151,0.0,0.0716214850683928,1.952487050912532e-15
conventional,3,L20,PSM2:topic_continuity,T2,0.09090909091,19981,9928,10053,9906,0.2,0.1570219010686271,0.0172889565434038,True,AvgTopPubPerYear_Post,9906,3.00719765798506,4.040228144558853,-1.0330304865737938,-0.2482206631314283,2.475307759975373e-95,0.1290465457956125,1.1936975813534898e-15
conventional,3,L20,PSM2:network_consistency,T2,0.0,19393,5880,13513,5880,0.2,0.2491330047650518,0.0155560019909142,True,AvgTopPubPerYear_Post,5880,4.079260204081632,3.572423469387755,0.5068367346938775,0.1206922763911144,1.1288381216110078e-14,0.1087613520153042,3.160846244985225e-06
conventional,3,L20,PSM2:direct_percent,T2,0.2222222222,19972,9962,10010,9962,0.2,0.2036805361826275,0.0176441702657455,True,AvgTopPubPerYear_Post,9962,2.8706585023087734,2.951149367596868,-0.0804908652880947,-0.0236225463363147,0.0501307124809575,0.0658269839068399,0.2214188512339741
conventional,3,L20,PSM2:log_PeerCount,T2,0.6931471806,21396,8412,12984,8412,0.2,0.1324119673648209,0.008812903707272,True,AvgTopPubPerYear_Post,8412,2.747652163575844,3.237446504992867,-0.4897943414170232,-0.1301663777626132,3.323334506879581e-24,0.1048707815908191,3.005322671775802e-06
landmark,3,early1_3_to_later4_10,PSM1,T1,,47473,40294,7179,40294,0.2,0.2719911874329596,0.0350727434114321,True,topic_continuity,24803,0.1898557627171873,0.1404539804184494,0.0494017822987378,0.3031793934445096,5.437505350759478e-298,0.0048722646105073,1.6759328105290473e-21
landmark,3,early1_3_to_later4_10,PSM1,T1,,47473,40294,7179,40294,0.2,0.2719911874329596,0.0350727434114321,True,network_consistency,24881,0.1053083946340056,0.0762204779051883,0.0290879167288173,0.1256150338486427,3.4934481006377205e-71,0.005300037163418,1.2931319540971588e-05
landmark,3,early1_3_to_later4_10,PSM1,T1,,47473,40294,7179,40294,0.2,0.2719911874329596,0.0350727434114321,True,direct_percent,38824,0.3256332240558268,0.4264552964265687,-0.1008220723707419,-0.316885214769748,0.0,0.0097726056187833,5.811076349211862e-25
landmark,3,early1_3_to_later4_10,PSM1,T1,,47473,40294,7179,40294,0.2,0.2719911874329596,0.0350727434114321,True,log_PeerCount,40294,1.0308812560215914,1.453791575041381,-0.4229103190197895,-0.3984870541088355,0.0,0.0338484024062583,8.025197316916788e-36
landmark,3,early1_3_to_later4_10,PSM2:topic_continuity,T2,0.1666666667,37894,18087,19807,18083,0.2,0.0606751758456425,0.0128019492676262,True,AvgTopPubPerYear_Outcome,18083,3.491795753359509,2.9818929964607643,0.5099027568987446,0.11270510442433,1.315494889855323e-38,0.0662393087090398,1.3833390691017016e-14
landmark,3,early1_3_to_later4_10,PSM2:network_consistency,T2,0.0,37412,12134,25278,12134,0.2,0.2375914483489153,0.0126553511321478,True,AvgTopPubPerYear_Outcome,12134,3.9297251983682218,3.687466137959453,0.2422590604087687,0.0509816390333896,9.956846539031126e-07,0.0864865401644097,0.0050925791704828
landmark,3,early1_3_to_later4_10,PSM2:direct_percent,T2,0.275862069,39373,19685,19688,19685,0.2,0.2270383891444326,0.0098496983678303,True,AvgTopPubPerYear_Outcome,19685,2.6726296088900177,2.834827082550165,-0.1621974736601473,-0.0461023068373668,1.768898187455374e-08,0.0489895391717783,0.0009300994618648
landmark,3,early1_3_to_later4_10,PSM2:log_PeerCount,T2,0.6931471806,40850,19611,21239,19611,0.2,0.127156263237865,0.0073448851654404,True,AvgTopPubPerYear_Outcome,19611,2.8640995723318547,3.183111501096324,-0.3190119287644689,-0.0753766682374997,3.200220694500228e-21,0.0708964773991911,6.805372186216698e-06
landmark,3,early1_3_to_later6_20,PSM1,T1,,23332,20770,2562,20614,0.2,0.2718437857152538,0.0528218751654493,True,topic_continuity,11549,0.1830453108145761,0.1467955411477894,0.0362497696667867,0.2007042609944823,4.2993844344848215e-72,0.0103551002951403,0.0020610610556966
landmark,3,early1_3_to_later6_20,PSM1,T1,,23332,20770,2562,20614,0.2,0.2718437857152538,0.0528218751654493,True,network_consistency,11573,0.0898917440996565,0.083632309680686,0.0062594344189704,0.004071205200745,0.0113535860997077,0.0109006702541272,0.9437911404213568
landmark,3,early1_3_to_later6_20,PSM1,T1,,23332,20770,2562,20614,0.2,0.2718437857152538,0.0528218751654493,True,direct_percent,19307,0.2918328115716507,0.4210038381632067,-0.129171026591556,-0.3976732467000473,0.0,0.0179556115883951,6.257519244466973e-13
landmark,3,early1_3_to_later6_20,PSM1,T1,,23332,20770,2562,20614,0.2,0.2718437857152538,0.0528218751654493,True,log_PeerCount,20614,0.831722577290298,1.3354950004959545,-0.5037724232056564,-0.5030926814215918,0.0,0.0563655609994026,3.9774021693668474e-19
landmark,3,early1_3_to_later6_20,PSM2:topic_continuity,T2,0.1612903226,18511,9362,9149,9354,0.2,0.0657445868147227,0.0155273884821195,True,AvgTopPubPerYear_Outcome,9354,3.838871076544794,3.287876843061792,0.5509942334830019,0.1288707511524781,4.308922922746035e-23,0.0867995045543756,2.1827946256367712e-10
landmark,3,early1_3_to_later6_20,PSM2:network_consistency,T2,0.0,17681,4469,13212,4469,0.2,0.2184302476164684,0.0140136369977725,True,AvgTopPubPerYear_Outcome,4469,4.758171113895726,4.190736187290222,0.5674349266055045,0.1110372398114763,1.933924780373324e-09,0.1419896799242286,6.433718872408229e-05
landmark,3,early1_3_to_later6_20,PSM2:direct_percent,T2,0.2222222222,19438,9674,9764,9674,0.2,0.2006332958171414,0.0176852321770509,True,AvgTopPubPerYear_Outcome,9674,3.267149064502791,3.3266349713665493,-0.0594859068637585,-0.0146995589643097,0.2460434455479806,0.0798804198288423,0.4564609851207832
landmark,3,early1_3_to_later6_20,PSM2:log_PeerCount,T2,0.6931471806,20764,8061,12703,8061,0.2,0.1320042561244357,0.0082161560738698,True,AvgTopPubPerYear_Outcome,8061,3.1290906902369438,3.688169386180375,-0.5590786959434314,-0.1235118883089039,7.229391359699536e-20,0.1313409705748219,2.0746936611203933e-05
overall,1,overall_career,PSM1,T1,,68839,63160,5679,62964,0.2,0.2518303927093988,0.0282740367752466,True,topic_continuity,29560,0.119551292242785,0.0985890673065385,0.0209622249362464,0.1265050249715314,4.698066768062611e-78,0.0067393239681405,0.0101822607082305
overall,1,overall_career,PSM1,T1,,68839,63160,5679,62964,0.2,0.2518303927093988,0.0282740367752466,True,network_consistency,58390,0.1840698663058476,0.0358741198832055,0.148195746422642,0.6950949471635403,0.0,0.0035201507522273,0.0
overall,1,overall_career,PSM1,T1,,68839,63160,5679,62964,0.2,0.2518303927093988,0.0282740367752466,True,direct_percent,58390,0.4058508958630575,0.5112739131968941,-0.1054230173338367,-0.3019333832051037,0.0,0.0123185029837148,1.1362240056869776e-17
overall,1,overall_career,PSM1,T1,,68839,63160,5679,62964,0.2,0.2518303927093988,0.0282740367752466,True,log_PeerCount,62964,0.927392502188114,1.2627849069101678,-0.3353924047220539,-0.3325188910648208,0.0,0.0376763055196222,5.487639341086043e-19
overall,2,overall_career,PSM1,T1,,69857,62958,6899,62762,0.2,0.2439096535413928,0.0259980799982031,True,topic_continuity,24671,0.1237486650896445,0.0958356279820859,0.0279130371075585,0.1973761507169101,8.966523261333466e-119,0.0056146263127995,2.910547711063748e-06
overall,2,overall_career,PSM1,T1,,69857,62958,6899,62762,0.2,0.2439096535413928,0.0259980799982031,True,network_consistency,59536,0.1559411841908747,0.0224509218937203,0.1334902622971543,0.7021050412753918,0.0,0.0022874780067064,0.0
overall,2,overall_career,PSM1,T1,,69857,62958,6899,62762,0.2,0.2439096535413928,0.0259980799982031,True,direct_percent,59536,0.3770646592818175,0.5056194193217571,-0.1285547600399397,-0.3832496569090907,0.0,0.0110047591661078,1.5589722142225592e-31
overall,2,overall_career,PSM1,T1,,69857,62958,6899,62762,0.2,0.2439096535413928,0.0259980799982031,True,log_PeerCount,62762,0.994427109713228,1.3462746970858863,-0.3518475873726586,-0.3386062991216616,0.0,0.0321892605263715,8.231210787163128e-28
overall,3,overall_career,PSM1,T1,,70292,61993,8299,61993,0.2,0.2294083953048854,0.0223824775504819,True,topic_continuity,23627,0.1313596646536053,0.0927730349337427,0.0385866297198625,0.2857759117296289,7.630819809188855e-244,0.0045324084708075,5.9407862580099255e-15
overall,3,overall_career,PSM1,T1,,70292,61993,8299,61993,0.2,0.2294083953048854,0.0223824775504819,True,network_consistency,59632,0.1346145930892371,0.0189707492735587,0.1156438438156784,0.6648819620566793,0.0,0.0018653295496077,0.0
overall,3,overall_career,PSM1,T1,,70292,61993,8299,61993,0.2,0.2294083953048854,0.0223824775504819,True,direct_percent,59632,0.3419863506195393,0.4864212990880262,-0.1444349484684868,-0.4499491288457504,0.0,0.0088973439883195,2.892972719587216e-59
overall,3,overall_career,PSM1,T1,,70292,61993,8299,61993,0.2,0.2294083953048854,0.0223824775504819,True,log_PeerCount,61993,1.0492450309761296,1.350352571180124,-0.301107540203994,-0.285323491487329,0.0,0.0275553832369344,8.529561562273486e-28
