family,gap,horizon,analysis,treatment,treatment_cutoff,ps_model_rows,treated_supported,control_supported,matched_pairs,caliper_scale,caliper_logit_ps,max_abs_smd_after,balance_pass,covariate,smd_before,smd_after,abs_smd_after,welch_p_before,welch_p_after
mentorship_period,1,pre_graduation,PSM0,T0,,69114,56915,12199,56915,0.2,0.4467890161417606,0.0160585866399726,True,log_h_index,0.3827452433127872,0.004671676711783,0.004671676711783,6.600519482938697e-292,0.4306506547639935
mentorship_period,1,pre_graduation,PSM0,T0,,69114,56915,12199,56915,0.2,0.4467890161417606,0.0160585866399726,True,log_NetworkSize_Mentored,2.064442468541394,0.0160585866399726,0.0160585866399726,0.0,0.0067500646539463
mentorship_period,2,pre_graduation,PSM0,T0,,69685,59772,9913,59772,0.2,0.4322258902585673,0.0136858453929879,True,log_h_index,0.401891116798586,0.0049925368006842,0.0049925368006842,1.436640463326455e-263,0.3880907158057137
mentorship_period,2,pre_graduation,PSM0,T0,,69685,59772,9913,59772,0.2,0.4322258902585673,0.0136858453929879,True,log_NetworkSize_Mentored,2.102950510749975,0.0136858453929879,0.0136858453929879,0.0,0.0179854697423009
mentorship_period,3,pre_graduation,PSM0,T0,,70183,61978,8205,61978,0.2,0.4190923584960787,0.0147077658563744,True,log_h_index,0.4093517984401986,0.0046918678952093,0.0046918678952093,3.5940617677093484e-228,0.4088385776731725
mentorship_period,3,pre_graduation,PSM0,T0,,70183,61978,8205,61978,0.2,0.4190923584960787,0.0147077658563744,True,log_NetworkSize_Mentored,2.15131094849849,0.0147077658563744,0.0147077658563744,0.0,0.0096235624181728
conventional,1,L5,PSM1,T1,,67219,57657,9562,57655,0.2,0.2959870773842644,0.03004322001622,True,log_h_index,0.2925795765425109,-0.005693923077023,0.005693923077023,2.1877121480365892e-142,0.333670047597193
conventional,1,L5,PSM1,T1,,67219,57657,9562,57655,0.2,0.2959870773842644,0.03004322001622,True,log_AvgTopPubPerYear_Mentored,1.2319194563952358,0.0139602216289229,0.0139602216289229,0.0,0.0177772642743748
conventional,1,L5,PSM1,T1,,67219,57657,9562,57655,0.2,0.2959870773842644,0.03004322001622,True,log_AvgPaperPerYear_Mentored,1.1256138940854243,0.03004322001622,0.03004322001622,0.0,3.385106770322617e-07
conventional,1,L5,PSM1,T1,,67219,57657,9562,57655,0.2,0.2959870773842644,0.03004322001622,True,log_NetworkSize_Mentored,1.12695537114848,0.0027409952695534,0.0027409952695534,0.0,0.6416571174333088
conventional,1,L5,PSM2:topic_continuity,T2,0.1538461538,55214,27548,27666,27544,0.2,0.0645298066979668,0.0098626109685097,True,log_h_index,0.0649257277664458,-0.0040405587940774,0.0040405587940774,2.41898882752104e-14,0.6353759988935612
conventional,1,L5,PSM2:topic_continuity,T2,0.1538461538,55214,27548,27666,27544,0.2,0.0645298066979668,0.0098626109685097,True,log_AvgTopPubPerYear_Mentored,0.2923635318212743,0.0004529048689787,0.0004529048689787,9.700500837943717e-256,0.9576123689971788
conventional,1,L5,PSM2:topic_continuity,T2,0.1538461538,55214,27548,27666,27544,0.2,0.0645298066979668,0.0098626109685097,True,log_AvgPaperPerYear_Mentored,0.2888023725972994,0.0098626109685097,0.0098626109685097,1.0921634572544839e-249,0.2471064501238518
conventional,1,L5,PSM2:topic_continuity,T2,0.1538461538,55214,27548,27666,27544,0.2,0.0645298066979668,0.0098626109685097,True,log_NetworkSize_Mentored,0.1706668972807555,-7.484422984321147e-05,7.484422984321147e-05,4.081233521741689e-89,0.9929920767527476
conventional,1,L5,PSM2:network_consistency,T2,0.0,54906,24799,30107,24799,0.2,0.2615310768884918,0.0122634512691821,True,log_h_index,0.5578828055843505,0.0122634512691821,0.0122634512691821,0.0,0.1720793429547137
conventional,1,L5,PSM2:network_consistency,T2,0.0,54906,24799,30107,24799,0.2,0.2615310768884918,0.0122634512691821,True,log_AvgTopPubPerYear_Mentored,0.501875299339326,0.0004395719194247,0.0004395719194247,0.0,0.9609611959268164
conventional,1,L5,PSM2:network_consistency,T2,0.0,54906,24799,30107,24799,0.2,0.2615310768884918,0.0122634512691821,True,log_AvgPaperPerYear_Mentored,0.5023971796484363,0.0054556412510774,0.0054556412510774,0.0,0.5435204314574945
conventional,1,L5,PSM2:network_consistency,T2,0.0,54906,24799,30107,24799,0.2,0.2615310768884918,0.0122634512691821,True,log_NetworkSize_Mentored,0.6691920000661611,0.0078982237624842,0.0078982237624842,0.0,0.3791392408808409
conventional,1,L5,PSM2:direct_percent,T2,0.3888888889,55254,27593,27661,27591,0.2,0.2484515169691963,0.0058833871899269,True,log_h_index,0.5447281689871118,0.0058833871899269,0.0058833871899269,0.0,0.4895503440943708
conventional,1,L5,PSM2:direct_percent,T2,0.3888888889,55254,27593,27661,27591,0.2,0.2484515169691963,0.0058833871899269,True,log_AvgTopPubPerYear_Mentored,-0.1818526397667634,-0.0005010654500017,0.0005010654500017,6.023987538020162e-101,0.953069992364732
conventional,1,L5,PSM2:direct_percent,T2,0.3888888889,55254,27593,27661,27591,0.2,0.2484515169691963,0.0058833871899269,True,log_AvgPaperPerYear_Mentored,-0.3124861584247156,-0.0005650183107454,0.0005650183107454,1.1426292516046168e-291,0.9470884305654604
conventional,1,L5,PSM2:direct_percent,T2,0.3888888889,55254,27593,27661,27591,0.2,0.2484515169691963,0.0058833871899269,True,log_NetworkSize_Mentored,-0.1009534588128586,0.0011166112168603,0.0011166112168603,1.938486109257725e-32,0.8956565498874921
conventional,1,L5,PSM2:log_PeerCount,T2,0.6931471806,58133,26368,31765,26367,0.2,0.1084683596066194,0.0063561274422442,True,log_h_index,0.2917260529266001,0.0015598985564845,0.0015598985564845,4.542811114140177e-264,0.8578546463614644
conventional,1,L5,PSM2:log_PeerCount,T2,0.6931471806,58133,26368,31765,26367,0.2,0.1084683596066194,0.0063561274422442,True,log_AvgTopPubPerYear_Mentored,0.126357916618301,-0.0023736630031358,0.0023736630031358,5.797413361588421e-52,0.785205894169208
conventional,1,L5,PSM2:log_PeerCount,T2,0.6931471806,58133,26368,31765,26367,0.2,0.1084683596066194,0.0063561274422442,True,log_AvgPaperPerYear_Mentored,0.0659965334117709,0.0063561274422442,0.0063561274422442,2.2473038530940294e-15,0.4655114761155966
conventional,1,L5,PSM2:log_PeerCount,T2,0.6931471806,58133,26368,31765,26367,0.2,0.1084683596066194,0.0063561274422442,True,log_NetworkSize_Mentored,0.1786888482973143,0.0045097852377057,0.0045097852377057,1.890851005115851e-102,0.60459235672807
conventional,1,L10,PSM1,T1,,52986,47852,5134,47852,0.2,0.2936665777536066,0.0383055730712106,True,log_h_index,0.2960606965622939,-0.0346441030314466,0.0346441030314466,1.432491002559519e-80,8.39882439243816e-08
conventional,1,L10,PSM1,T1,,52986,47852,5134,47852,0.2,0.2936665777536066,0.0383055730712106,True,log_AvgTopPubPerYear_Mentored,1.2160671543261194,0.0152882541388885,0.0152882541388885,0.0,0.0180421853973438
conventional,1,L10,PSM1,T1,,52986,47852,5134,47852,0.2,0.2936665777536066,0.0383055730712106,True,log_AvgPaperPerYear_Mentored,1.1754264276106623,0.0383055730712106,0.0383055730712106,0.0,3.1313860561324733e-09
conventional,1,L10,PSM1,T1,,52986,47852,5134,47852,0.2,0.2936665777536066,0.0383055730712106,True,log_NetworkSize_Mentored,1.185980370171295,0.0182665837359682,0.0182665837359682,0.0,0.0047219480734438
conventional,1,L10,PSM2:topic_continuity,T2,0.1176470588,44753,22592,22161,22592,0.2,0.1028392282365226,0.0136422676462577,True,log_h_index,0.0758763810928347,-0.005270200129086,0.005270200129086,1.0429970808974925e-15,0.5753930049585829
conventional,1,L10,PSM2:topic_continuity,T2,0.1176470588,44753,22592,22161,22592,0.2,0.1028392282365226,0.0136422676462577,True,log_AvgTopPubPerYear_Mentored,0.4517893894239944,0.0008026412520229,0.0008026412520229,0.0,0.9320178375518748
conventional,1,L10,PSM2:topic_continuity,T2,0.1176470588,44753,22592,22161,22592,0.2,0.1028392282365226,0.0136422676462577,True,log_AvgPaperPerYear_Mentored,0.4760151522749614,0.0136422676462577,0.0136422676462577,0.0,0.147083241391243
conventional,1,L10,PSM2:topic_continuity,T2,0.1176470588,44753,22592,22161,22592,0.2,0.1028392282365226,0.0136422676462577,True,log_NetworkSize_Mentored,0.3434128269088207,0.0029536070458883,0.0029536070458883,8.955257944832856e-285,0.7535854068584312
conventional,1,L10,PSM2:network_consistency,T2,0.0,44195,19005,25190,19005,0.2,0.2623863714088031,0.0125173925200904,True,log_h_index,0.5826833081733409,0.0125173925200904,0.0125173925200904,0.0,0.2223947327104874
conventional,1,L10,PSM2:network_consistency,T2,0.0,44195,19005,25190,19005,0.2,0.2623863714088031,0.0125173925200904,True,log_AvgTopPubPerYear_Mentored,0.5382336483559054,0.0002349760376141,0.0002349760376141,0.0,0.9817256582076588
conventional,1,L10,PSM2:network_consistency,T2,0.0,44195,19005,25190,19005,0.2,0.2623863714088031,0.0125173925200904,True,log_AvgPaperPerYear_Mentored,0.5263004509758354,0.0063749343265558,0.0063749343265558,0.0,0.5343181704209841
conventional,1,L10,PSM2:network_consistency,T2,0.0,44195,19005,25190,19005,0.2,0.2623863714088031,0.0125173925200904,True,log_NetworkSize_Mentored,0.7048425683438666,0.0084041905933984,0.0084041905933984,0.0,0.4126506720826421
conventional,1,L10,PSM2:direct_percent,T2,0.3571428571,44776,22371,22405,22371,0.2,0.2354158148135157,0.0068519482857747,True,log_h_index,0.5812762864544805,0.0068519482857747,0.0068519482857747,0.0,0.4686567632495078
conventional,1,L10,PSM2:direct_percent,T2,0.3571428571,44776,22371,22405,22371,0.2,0.2354158148135157,0.0068519482857747,True,log_AvgTopPubPerYear_Mentored,-0.1125188797778151,0.0005830351736061,0.0005830351736061,1.245156844594416e-32,0.9508317290116572
conventional,1,L10,PSM2:direct_percent,T2,0.3571428571,44776,22371,22405,22371,0.2,0.2354158148135157,0.0068519482857747,True,log_AvgPaperPerYear_Mentored,-0.2512364713126299,-0.000198028055765,0.000198028055765,1.919055950653068e-154,0.9832906210014885
conventional,1,L10,PSM2:direct_percent,T2,0.3571428571,44776,22371,22405,22371,0.2,0.2354158148135157,0.0068519482857747,True,log_NetworkSize_Mentored,-0.0369213336764459,0.0017152844803734,0.0017152844803734,9.37213204574809e-05,0.8560457278864486
conventional,1,L10,PSM2:log_PeerCount,T2,0.6931471806,48329,21510,26819,21510,0.2,0.1180298713227996,0.0069908668652625,True,log_h_index,0.3267920464538182,0.0013954377026611,0.0013954377026611,5.550354323403635e-274,0.8849360180487464
conventional,1,L10,PSM2:log_PeerCount,T2,0.6931471806,48329,21510,26819,21510,0.2,0.1180298713227996,0.0069908668652625,True,log_AvgTopPubPerYear_Mentored,0.1641610781472861,-0.0014119999267601,0.0014119999267601,8.144653383099153e-72,0.8835800187536069
conventional,1,L10,PSM2:log_PeerCount,T2,0.6931471806,48329,21510,26819,21510,0.2,0.1180298713227996,0.0069908668652625,True,log_AvgPaperPerYear_Mentored,0.1030532055164305,0.0069908668652625,0.0069908668652625,2.0122211917779963e-29,0.4684577854600671
conventional,1,L10,PSM2:log_PeerCount,T2,0.6931471806,48329,21510,26819,21510,0.2,0.1180298713227996,0.0069908668652625,True,log_NetworkSize_Mentored,0.2320149025250097,0.0064694988949456,0.0064694988949456,5.561229807996685e-142,0.502270066862659
conventional,1,L20,PSM1,T1,,25786,23851,1935,23851,0.2,0.3121393669738631,0.0684883235989682,True,log_h_index,0.3375142976604096,-0.0240920356082202,0.0240920356082202,3.1104576720634804e-39,0.0085175342029295
conventional,1,L20,PSM1,T1,,25786,23851,1935,23851,0.2,0.3121393669738631,0.0684883235989682,True,log_AvgTopPubPerYear_Mentored,1.2121331159548874,0.0455783029209388,0.0455783029209388,0.0,6.469337312926723e-07
conventional,1,L20,PSM1,T1,,25786,23851,1935,23851,0.2,0.3121393669738631,0.0684883235989682,True,log_AvgPaperPerYear_Mentored,1.2673477547894794,0.0684883235989682,0.0684883235989682,0.0,7.606638640478527e-14
conventional,1,L20,PSM1,T1,,25786,23851,1935,23851,0.2,0.3121393669738631,0.0684883235989682,True,log_NetworkSize_Mentored,1.2547304362828469,0.0313317951666242,0.0313317951666242,0.0,0.0006231654838092
conventional,1,L20,PSM2:topic_continuity,T2,0.07352941176,21723,11108,10615,11108,0.2,0.1465675896314311,0.0179702502490895,True,log_h_index,0.0969309830107078,-0.0073136455081207,0.0073136455081207,9.67911525085511e-13,0.585724172069036
conventional,1,L20,PSM2:topic_continuity,T2,0.07352941176,21723,11108,10615,11108,0.2,0.1465675896314311,0.0179702502490895,True,log_AvgTopPubPerYear_Mentored,0.5751555961949096,0.0013352190656168,0.0013352190656168,0.0,0.920736296116036
conventional,1,L20,PSM2:topic_continuity,T2,0.07352941176,21723,11108,10615,11108,0.2,0.1465675896314311,0.0179702502490895,True,log_AvgPaperPerYear_Mentored,0.6837816939968905,0.0179702502490895,0.0179702502490895,0.0,0.1805076189461422
conventional,1,L20,PSM2:topic_continuity,T2,0.07352941176,21723,11108,10615,11108,0.2,0.1465675896314311,0.0179702502490895,True,log_NetworkSize_Mentored,0.4669937683441945,0.0045598891234036,0.0045598891234036,9.363438123222405e-253,0.7339904190814
conventional,1,L20,PSM2:network_consistency,T2,0.0,21046,7325,13721,7325,0.2,0.2571165833836756,0.0184739410415884,True,log_h_index,0.5716261214474363,0.0184739410415884,0.0184739410415884,0.0,0.26357811360147
conventional,1,L20,PSM2:network_consistency,T2,0.0,21046,7325,13721,7325,0.2,0.2571165833836756,0.0184739410415884,True,log_AvgTopPubPerYear_Mentored,0.5667723383279023,-0.0027848392382139,0.0027848392382139,7.898699524950024e-308,0.866165092436162
conventional,1,L20,PSM2:network_consistency,T2,0.0,21046,7325,13721,7325,0.2,0.2571165833836756,0.0184739410415884,True,log_AvgPaperPerYear_Mentored,0.5926328673108934,0.0121993785966666,0.0121993785966666,0.0,0.4603505482759804
conventional,1,L20,PSM2:network_consistency,T2,0.0,21046,7325,13721,7325,0.2,0.2571165833836756,0.0184739410415884,True,log_NetworkSize_Mentored,0.7784696213600473,0.0120856297571142,0.0120856297571142,0.0,0.4645433349572604
conventional,1,L20,PSM2:direct_percent,T2,0.2857142857,21742,10759,10983,10759,0.2,0.2159788967550444,0.0152513388346661,True,log_h_index,0.6248090968576605,0.0152513388346661,0.0152513388346661,0.0,0.2633187969316841
conventional,1,L20,PSM2:direct_percent,T2,0.2857142857,21742,10759,10983,10759,0.2,0.2159788967550444,0.0152513388346661,True,log_AvgTopPubPerYear_Mentored,-0.0391318843227746,-0.0016163283890219,0.0016163283890219,0.0038835948044388,0.9056332033978336
conventional,1,L20,PSM2:direct_percent,T2,0.2857142857,21742,10759,10983,10759,0.2,0.2159788967550444,0.0152513388346661,True,log_AvgPaperPerYear_Mentored,-0.1694360647350436,-8.417458443080696e-05,8.417458443080696e-05,9.604601783809994e-36,0.9950741158565404
conventional,1,L20,PSM2:direct_percent,T2,0.2857142857,21742,10759,10983,10759,0.2,0.2159788967550444,0.0152513388346661,True,log_NetworkSize_Mentored,0.0521726942696641,0.0047304023217376,0.0047304023217376,0.0001179946016073,0.7286309895625763
conventional,1,L20,PSM2:log_PeerCount,T2,0.6931471806,24373,8704,15669,8704,0.2,0.1281945457706874,0.0073649830997569,True,log_h_index,0.3425109991886874,0.0036887269074291,0.0036887269074291,3.406435747620934e-139,0.8077416571018331
conventional,1,L20,PSM2:log_PeerCount,T2,0.6931471806,24373,8704,15669,8704,0.2,0.1281945457706874,0.0073649830997569,True,log_AvgTopPubPerYear_Mentored,0.1857104688095057,-0.0017698617111637,0.0017698617111637,1.5301053901342548e-43,0.907053785791044
conventional,1,L20,PSM2:log_PeerCount,T2,0.6931471806,24373,8704,15669,8704,0.2,0.1281945457706874,0.0073649830997569,True,log_AvgPaperPerYear_Mentored,0.1020392322359923,0.0073649830997569,0.0073649830997569,2.0609023149335852e-14,0.6270685399047008
conventional,1,L20,PSM2:log_PeerCount,T2,0.6931471806,24373,8704,15669,8704,0.2,0.1281945457706874,0.0073649830997569,True,log_NetworkSize_Mentored,0.2188194655835238,0.0070269200435997,0.0070269200435997,6.710593312475483e-61,0.6429661386028185
conventional,2,L5,PSM1,T1,,65620,55721,9899,55721,0.2,0.2985256315742482,0.0303937768534766,True,log_h_index,0.2751894292757005,-0.0063330285878393,0.0063330285878393,9.6086140721735e-131,0.290479541329546
conventional,2,L5,PSM1,T1,,65620,55721,9899,55721,0.2,0.2985256315742482,0.0303937768534766,True,log_AvgTopPubPerYear_Mentored,1.2518464058158711,0.0157711225265548,0.0157711225265548,0.0,0.0084787839341882
conventional,2,L5,PSM1,T1,,65620,55721,9899,55721,0.2,0.2985256315742482,0.0303937768534766,True,log_AvgPaperPerYear_Mentored,1.1424171239299594,0.0303937768534766,0.0303937768534766,0.0,3.91877376220919e-07
conventional,2,L5,PSM1,T1,,65620,55721,9899,55721,0.2,0.2985256315742482,0.0303937768534766,True,log_NetworkSize_Mentored,1.1234163599744609,0.0217844850867458,0.0217844850867458,0.0,0.0002768685167019
conventional,2,L5,PSM2:topic_continuity,T2,0.1578947368,54379,27293,27086,27293,0.2,0.0656961982174442,0.0101576873276483,True,log_h_index,0.0557140256535979,-0.0019393657351493,0.0019393657351493,8.330689317719356e-11,0.8207719717145727
conventional,2,L5,PSM2:topic_continuity,T2,0.1578947368,54379,27293,27086,27293,0.2,0.0656961982174442,0.0101576873276483,True,log_AvgTopPubPerYear_Mentored,0.2877713539592874,0.0011636064105138,0.0011636064105138,2.166884174078441e-244,0.8918767669813785
conventional,2,L5,PSM2:topic_continuity,T2,0.1578947368,54379,27293,27086,27293,0.2,0.0656961982174442,0.0101576873276483,True,log_AvgPaperPerYear_Mentored,0.2893981490175852,0.0101576873276483,0.0101576873276483,4.2224970801816014e-247,0.2353893765877331
conventional,2,L5,PSM2:topic_continuity,T2,0.1578947368,54379,27293,27086,27293,0.2,0.0656961982174442,0.0101576873276483,True,log_NetworkSize_Mentored,0.155026867186765,0.0019992843847234,0.0019992843847234,8.257090916373353e-73,0.8153329939454298
conventional,2,L5,PSM2:network_consistency,T2,0.0,54145,22558,31587,22558,0.2,0.262546027831963,0.0130526562368583,True,log_h_index,0.5458208247544465,0.0130526562368583,0.0130526562368583,0.0,0.1656846015614038
conventional,2,L5,PSM2:network_consistency,T2,0.0,54145,22558,31587,22558,0.2,0.262546027831963,0.0130526562368583,True,log_AvgTopPubPerYear_Mentored,0.5425179238846145,0.0016858072508595,0.0016858072508595,0.0,0.8579093162365612
conventional,2,L5,PSM2:network_consistency,T2,0.0,54145,22558,31587,22558,0.2,0.262546027831963,0.0130526562368583,True,log_AvgPaperPerYear_Mentored,0.5447867236641896,0.0057225161448498,0.0057225161448498,0.0,0.5433588083149155
conventional,2,L5,PSM2:network_consistency,T2,0.0,54145,22558,31587,22558,0.2,0.262546027831963,0.0130526562368583,True,log_NetworkSize_Mentored,0.678710942610851,0.0084054111684703,0.0084054111684703,0.0,0.3720350265407758
conventional,2,L5,PSM2:direct_percent,T2,0.3396226415,54422,27212,27210,27210,0.2,0.2428319497959549,0.0069948928478546,True,log_h_index,0.573214292172145,0.0069948928478546,0.0069948928478546,0.0,0.4145679892875791
conventional,2,L5,PSM2:direct_percent,T2,0.3396226415,54422,27212,27210,27210,0.2,0.2428319497959549,0.0069948928478546,True,log_AvgTopPubPerYear_Mentored,-0.1312909508593983,0.0002573695032902,0.0002573695032902,8.063739004883698e-53,0.9760514514817868
conventional,2,L5,PSM2:direct_percent,T2,0.3396226415,54422,27212,27210,27210,0.2,0.2428319497959549,0.0069948928478546,True,log_AvgPaperPerYear_Mentored,-0.2536693675871107,-0.0002525462960053,0.0002525462960053,8.017200646123856e-191,0.9765001258092828
conventional,2,L5,PSM2:direct_percent,T2,0.3396226415,54422,27212,27210,27210,0.2,0.2428319497959549,0.0069948928478546,True,log_NetworkSize_Mentored,-0.0508381270848012,0.0022416348922765,0.0022416348922765,3.050672617643953e-09,0.7937346530216438
conventional,2,L5,PSM2:log_PeerCount,T2,0.6931471806,56305,26996,29309,26994,0.2,0.1117385493879529,0.0063847130942422,True,log_h_index,0.3037594557361975,0.0020563018068603,0.0020563018068603,7.72415415495072e-280,0.8111885831470864
conventional,2,L5,PSM2:log_PeerCount,T2,0.6931471806,56305,26996,29309,26994,0.2,0.1117385493879529,0.0063847130942422,True,log_AvgTopPubPerYear_Mentored,0.114073913016557,-0.0018636021704733,0.0018636021704733,1.2165599038479218e-41,0.8285934305060343
conventional,2,L5,PSM2:log_PeerCount,T2,0.6931471806,56305,26996,29309,26994,0.2,0.1117385493879529,0.0063847130942422,True,log_AvgPaperPerYear_Mentored,0.0492299856453472,0.0063847130942422,0.0063847130942422,5.316340970615255e-09,0.4582395058702144
conventional,2,L5,PSM2:log_PeerCount,T2,0.6931471806,56305,26996,29309,26994,0.2,0.1117385493879529,0.0063847130942422,True,log_NetworkSize_Mentored,0.1541786594128061,0.0035643109785273,0.0035643109785273,1.159017473442443e-74,0.6788102119113661
conventional,2,L10,PSM1,T1,,50174,44886,5288,44293,0.2,0.2970416937100243,0.0291491971719625,True,log_h_index,0.2762489877295233,-0.0283127643108568,0.0283127643108568,6.426711850318771e-73,2.517808210984696e-05
conventional,2,L10,PSM1,T1,,50174,44886,5288,44293,0.2,0.2970416937100243,0.0291491971719625,True,log_AvgTopPubPerYear_Mentored,1.2470976456186167,0.0153056650952336,0.0153056650952336,0.0,0.0227442550923876
conventional,2,L10,PSM1,T1,,50174,44886,5288,44293,0.2,0.2970416937100243,0.0291491971719625,True,log_AvgPaperPerYear_Mentored,1.2008570563651493,0.0291491971719625,0.0291491971719625,0.0,1.440121072700752e-05
conventional,2,L10,PSM1,T1,,50174,44886,5288,44293,0.2,0.2970416937100243,0.0291491971719625,True,log_NetworkSize_Mentored,1.202693350355585,-0.0017144103069315,0.0017144103069315,0.0,0.7986206592532378
conventional,2,L10,PSM2:topic_continuity,T2,0.125,43022,21134,21888,21124,0.2,0.1114692028162311,0.013256290008803,True,log_h_index,0.0797434413749419,-0.0040354513836423,0.0040354513836423,1.3696553079246962e-16,0.6783418494894851
conventional,2,L10,PSM2:topic_continuity,T2,0.125,43022,21134,21888,21124,0.2,0.1114692028162311,0.013256290008803,True,log_AvgTopPubPerYear_Mentored,0.476560291656192,0.0012420816200876,0.0012420816200876,0.0,0.898426010418093
conventional,2,L10,PSM2:topic_continuity,T2,0.125,43022,21134,21888,21124,0.2,0.1114692028162311,0.013256290008803,True,log_AvgPaperPerYear_Mentored,0.5172614929779159,0.013256290008803,0.013256290008803,0.0,0.1730884054396561
conventional,2,L10,PSM2:topic_continuity,T2,0.125,43022,21134,21888,21124,0.2,0.1114692028162311,0.013256290008803,True,log_NetworkSize_Mentored,0.3376571916472632,0.0032124618265782,0.0032124618265782,7.174348281431309e-265,0.7412884030740734
conventional,2,L10,PSM2:network_consistency,T2,0.0,42519,16851,25668,16851,0.2,0.2604292373324673,0.0141355829818469,True,log_h_index,0.5719877535644761,0.0141355829818469,0.0141355829818469,0.0,0.1944637736738976
conventional,2,L10,PSM2:network_consistency,T2,0.0,42519,16851,25668,16851,0.2,0.2604292373324673,0.0141355829818469,True,log_AvgTopPubPerYear_Mentored,0.5699505924254831,0.0006784290020029,0.0006784290020029,0.0,0.9503455182481908
conventional,2,L10,PSM2:network_consistency,T2,0.0,42519,16851,25668,16851,0.2,0.2604292373324673,0.0141355829818469,True,log_AvgPaperPerYear_Mentored,0.5666417691104353,0.0073008191623706,0.0073008191623706,0.0,0.5027693134394987
conventional,2,L10,PSM2:network_consistency,T2,0.0,42519,16851,25668,16851,0.2,0.2604292373324673,0.0141355829818469,True,log_NetworkSize_Mentored,0.7164949818531821,0.008577576525649,0.008577576525649,0.0,0.4310882641339489
conventional,2,L10,PSM2:direct_percent,T2,0.3333333333,43010,20640,22370,20640,0.2,0.229113118079402,0.0078081160590317,True,log_h_index,0.5910989170091059,0.0078081160590317,0.0078081160590317,0.0,0.427662246537658
conventional,2,L10,PSM2:direct_percent,T2,0.3333333333,43010,20640,22370,20640,0.2,0.229113118079402,0.0078081160590317,True,log_AvgTopPubPerYear_Mentored,-0.0968713172972154,0.0003650043031176,0.0003650043031176,7.003338300782411e-24,0.9704215268798104
conventional,2,L10,PSM2:direct_percent,T2,0.3333333333,43010,20640,22370,20640,0.2,0.229113118079402,0.0078081160590317,True,log_AvgPaperPerYear_Mentored,-0.2299686707873999,-9.84170645630052e-05,9.84170645630052e-05,1.228366620941269e-125,0.9920229842093652
conventional,2,L10,PSM2:direct_percent,T2,0.3333333333,43010,20640,22370,20640,0.2,0.229113118079402,0.0078081160590317,True,log_NetworkSize_Mentored,-0.0197192227075214,0.0030435063676326,0.0030435063676326,0.0402770919802551,0.7571847213151432
conventional,2,L10,PSM2:log_PeerCount,T2,0.6931471806,45394,21257,24137,21257,0.2,0.1208982508536595,0.0075556318238974,True,log_h_index,0.3375132639555933,0.0019844907192621,0.0019844907192621,4.696578845265694e-277,0.8378932061236815
conventional,2,L10,PSM2:log_PeerCount,T2,0.6931471806,45394,21257,24137,21257,0.2,0.1208982508536595,0.0075556318238974,True,log_AvgTopPubPerYear_Mentored,0.1463349621880342,-0.0009505215149599,0.0009505215149599,1.6247148552719436e-54,0.9219377966626214
conventional,2,L10,PSM2:log_PeerCount,T2,0.6931471806,45394,21257,24137,21257,0.2,0.1208982508536595,0.0075556318238974,True,log_AvgPaperPerYear_Mentored,0.0803083336240614,0.0075556318238974,0.0075556318238974,1.3476303767702679e-17,0.4360164708601903
conventional,2,L10,PSM2:log_PeerCount,T2,0.6931471806,45394,21257,24137,21257,0.2,0.1208982508536595,0.0075556318238974,True,log_NetworkSize_Mentored,0.2053712336466679,0.0054190601258225,0.0054190601258225,1.1696414367094708e-105,0.5763858550277245
conventional,2,L20,PSM1,T1,,23605,21655,1950,21655,0.2,0.3017370540678666,0.0486810282646249,True,log_h_index,0.3156237907166898,-0.0174565456271298,0.0174565456271298,5.268405723084031e-35,0.0693090053890377
conventional,2,L20,PSM1,T1,,23605,21655,1950,21655,0.2,0.3017370540678666,0.0486810282646249,True,log_AvgTopPubPerYear_Mentored,1.247515716631704,0.0343264641089528,0.0343264641089528,0.0,0.0003548543110953
conventional,2,L20,PSM1,T1,,23605,21655,1950,21655,0.2,0.3017370540678666,0.0486810282646249,True,log_AvgPaperPerYear_Mentored,1.2856827737808438,0.0471666977351292,0.0471666977351292,0.0,9.237098444605976e-07
conventional,2,L20,PSM1,T1,,23605,21655,1950,21655,0.2,0.3017370540678666,0.0486810282646249,True,log_NetworkSize_Mentored,1.260042015388584,0.0486810282646249,0.0486810282646249,0.0,4.0897691274564985e-07
conventional,2,L20,PSM2:topic_continuity,T2,0.08333333333,20881,10310,10571,10310,0.2,0.1526027530488719,0.0178156756788252,True,log_h_index,0.0851424036578003,-0.0063054700584218,0.0063054700584218,7.791775723003866e-10,0.6507535485061301
conventional,2,L20,PSM2:topic_continuity,T2,0.08333333333,20881,10310,10571,10310,0.2,0.1526027530488719,0.0178156756788252,True,log_AvgTopPubPerYear_Mentored,0.5959050108308009,0.0064205300169362,0.0064205300169362,0.0,0.6448154375417616
conventional,2,L20,PSM2:topic_continuity,T2,0.08333333333,20881,10310,10571,10310,0.2,0.1526027530488719,0.0178156756788252,True,log_AvgPaperPerYear_Mentored,0.7121186448494085,0.0178156756788252,0.0178156756788252,0.0,0.2008636628330842
conventional,2,L20,PSM2:topic_continuity,T2,0.08333333333,20881,10310,10571,10310,0.2,0.1526027530488719,0.0178156756788252,True,log_NetworkSize_Mentored,0.4613575195896658,0.0032030822818125,0.0032030822818125,2.7194074834848086e-237,0.8181127388426624
conventional,2,L20,PSM2:network_consistency,T2,0.0,20233,6487,13746,6487,0.2,0.2538654409822553,0.0190247625526736,True,log_h_index,0.5580576812640322,0.0190247625526736,0.0190247625526736,0.0,0.2786097029968324
conventional,2,L20,PSM2:network_consistency,T2,0.0,20233,6487,13746,6487,0.2,0.2538654409822553,0.0190247625526736,True,log_AvgTopPubPerYear_Mentored,0.607907114735486,-0.0009866701776519,0.0009866701776519,0.0,0.9551892597215214
conventional,2,L20,PSM2:network_consistency,T2,0.0,20233,6487,13746,6487,0.2,0.2538654409822553,0.0190247625526736,True,log_AvgPaperPerYear_Mentored,0.6362734684499891,0.0121394605449292,0.0121394605449292,0.0,0.4893496198246869
conventional,2,L20,PSM2:network_consistency,T2,0.0,20233,6487,13746,6487,0.2,0.2538654409822553,0.0190247625526736,True,log_NetworkSize_Mentored,0.7923968795755151,0.0178507481882021,0.0178507481882021,0.0,0.309347948982158
conventional,2,L20,PSM2:direct_percent,T2,0.25,20898,10410,10488,10410,0.2,0.2133354231656282,0.0153893441527174,True,log_h_index,0.6429661909245168,0.0153893441527174,0.0153893441527174,0.0,0.2668934606187317
conventional,2,L20,PSM2:direct_percent,T2,0.25,20898,10410,10488,10410,0.2,0.2133354231656282,0.0153893441527174,True,log_AvgTopPubPerYear_Mentored,-0.0127070070707391,0.0002130137771542,0.0002130137771542,0.3582166418279526,0.9877387199837876
conventional,2,L20,PSM2:direct_percent,T2,0.25,20898,10410,10488,10410,0.2,0.2133354231656282,0.0153893441527174,True,log_AvgPaperPerYear_Mentored,-0.1388990149616999,0.0002389417864483,0.0002389417864483,1.1218119742085285e-23,0.98624641839184
conventional,2,L20,PSM2:direct_percent,T2,0.25,20898,10410,10488,10410,0.2,0.2133354231656282,0.0153893441527174,True,log_NetworkSize_Mentored,0.0751523165682679,0.0059839916708064,0.0059839916708064,5.5647344465907984e-08,0.665949994635475
conventional,2,L20,PSM2:log_PeerCount,T2,0.6931471806,22779,8583,14196,8583,0.2,0.1299675032390295,0.0067360760055723,True,log_h_index,0.3465326271068626,0.0027101363448002,0.0027101363448002,2.134560090831905e-136,0.8590865098119402
conventional,2,L20,PSM2:log_PeerCount,T2,0.6931471806,22779,8583,14196,8583,0.2,0.1299675032390295,0.0067360760055723,True,log_AvgTopPubPerYear_Mentored,0.1701661476774228,-0.0003447206363896,0.0003447206363896,2.1438137333501588e-35,0.9819835731449968
conventional,2,L20,PSM2:log_PeerCount,T2,0.6931471806,22779,8583,14196,8583,0.2,0.1299675032390295,0.0067360760055723,True,log_AvgPaperPerYear_Mentored,0.0841172977151925,0.0067360760055723,0.0067360760055723,7.257583226083712e-10,0.6590178536018299
conventional,2,L20,PSM2:log_PeerCount,T2,0.6931471806,22779,8583,14196,8583,0.2,0.1299675032390295,0.0067360760055723,True,log_NetworkSize_Mentored,0.1824903742960791,0.0065325374196642,0.0065325374196642,3.4332276064726326e-41,0.6686976057029865
conventional,3,L5,PSM1,T1,,63197,53263,9934,53263,0.2,0.3020822552649413,0.0336659190240395,True,log_h_index,0.261768793998426,-0.0006103208339158,0.0006103208339158,2.0095660524851988e-118,0.9206626875793896
conventional,3,L5,PSM1,T1,,63197,53263,9934,53263,0.2,0.3020822552649413,0.0336659190240395,True,log_AvgTopPubPerYear_Mentored,1.2798261223526588,0.0162307894855158,0.0162307894855158,0.0,0.0080807107619766
conventional,3,L5,PSM1,T1,,63197,53263,9934,53263,0.2,0.3020822552649413,0.0336659190240395,True,log_AvgPaperPerYear_Mentored,1.1756011671168247,0.0336659190240395,0.0336659190240395,0.0,3.93838788069457e-08
conventional,3,L5,PSM1,T1,,63197,53263,9934,53263,0.2,0.3020822552649413,0.0336659190240395,True,log_NetworkSize_Mentored,1.1260410104097114,0.0187395505780862,0.0187395505780862,0.0,0.0022277288107688
conventional,3,L5,PSM2:topic_continuity,T2,0.1666666667,52728,24312,28416,24312,0.2,0.0728402458771379,0.0115460482968463,True,log_h_index,0.0634441211443817,-0.0013867825229222,0.0013867825229222,3.745073325873373e-13,0.8784788199064621
conventional,3,L5,PSM2:topic_continuity,T2,0.1666666667,52728,24312,28416,24312,0.2,0.0728402458771379,0.0115460482968463,True,log_AvgTopPubPerYear_Mentored,0.3182886457485721,-0.0005258691047675,0.0005258691047675,5.56309172834642e-284,0.953765351612576
conventional,3,L5,PSM2:topic_continuity,T2,0.1666666667,52728,24312,28416,24312,0.2,0.0728402458771379,0.0115460482968463,True,log_AvgPaperPerYear_Mentored,0.3171656989039204,0.0115460482968463,0.0115460482968463,1.1847756500600977e-282,0.2030238063114314
conventional,3,L5,PSM2:topic_continuity,T2,0.1666666667,52728,24312,28416,24312,0.2,0.0728402458771379,0.0115460482968463,True,log_NetworkSize_Mentored,0.1631239360255801,-0.0001398584819045,0.0001398584819045,1.0580847339259949e-77,0.9876971770892522
conventional,3,L5,PSM2:network_consistency,T2,0.0,52302,20161,32141,20161,0.2,0.2456599365489326,0.0107148017283594,True,log_h_index,0.5199878210227051,0.0107148017283594,0.0107148017283594,0.0,0.2820302013859425
conventional,3,L5,PSM2:network_consistency,T2,0.0,52302,20161,32141,20161,0.2,0.2456599365489326,0.0107148017283594,True,log_AvgTopPubPerYear_Mentored,0.5654836583300163,0.0007715596201702,0.0007715596201702,0.0,0.9382533081688806
conventional,3,L5,PSM2:network_consistency,T2,0.0,52302,20161,32141,20161,0.2,0.2456599365489326,0.0107148017283594,True,log_AvgPaperPerYear_Mentored,0.5692375817364913,0.0073521606477437,0.0073521606477437,0.0,0.4604158258765781
conventional,3,L5,PSM2:network_consistency,T2,0.0,52302,20161,32141,20161,0.2,0.2456599365489326,0.0107148017283594,True,log_NetworkSize_Mentored,0.6759026556544304,0.0082812127592327,0.0082812127592327,0.0,0.4057256400264543
conventional,3,L5,PSM2:direct_percent,T2,0.3023255814,52754,26375,26379,26374,0.2,0.2415115984225558,0.0065023428329689,True,log_h_index,0.5737928218611781,0.0065023428329689,0.0065023428329689,0.0,0.455251407681666
conventional,3,L5,PSM2:direct_percent,T2,0.3023255814,52754,26375,26379,26374,0.2,0.2415115984225558,0.0065023428329689,True,log_AvgTopPubPerYear_Mentored,-0.1438154752278717,-0.0005584358826433,0.0005584358826433,4.083381105654109e-61,0.9488687117513802
conventional,3,L5,PSM2:direct_percent,T2,0.3023255814,52754,26375,26379,26374,0.2,0.2415115984225558,0.0065023428329689,True,log_AvgPaperPerYear_Mentored,-0.2773588163864562,-0.000964764286565,0.000964764286565,1.860196766071894e-220,0.9117845796284186
conventional,3,L5,PSM2:direct_percent,T2,0.3023255814,52754,26375,26379,26374,0.2,0.2415115984225558,0.0065023428329689,True,log_NetworkSize_Mentored,-0.0476945633325439,0.0031252463520064,0.0031252463520064,4.338043100694301e-08,0.7196813505445527
conventional,3,L5,PSM2:log_PeerCount,T2,0.6931471806,54022,26950,27072,26947,0.2,0.1163255010665508,0.0079295297686955,True,log_h_index,0.3184024003673246,0.0020027531875407,0.0020027531875407,6.236185845849865e-296,0.8161735651234365
conventional,3,L5,PSM2:log_PeerCount,T2,0.6931471806,54022,26950,27072,26947,0.2,0.1163255010665508,0.0079295297686955,True,log_AvgTopPubPerYear_Mentored,0.1127782412526489,-0.0017617313582028,0.0017617313582028,3.4629897221821336e-39,0.8379684997737034
conventional,3,L5,PSM2:log_PeerCount,T2,0.6931471806,54022,26950,27072,26947,0.2,0.1163255010665508,0.0079295297686955,True,log_AvgPaperPerYear_Mentored,0.0433595732686747,0.0079295297686955,0.0079295297686955,4.694501530496025e-07,0.3573556710810678
conventional,3,L5,PSM2:log_PeerCount,T2,0.6931471806,54022,26950,27072,26947,0.2,0.1163255010665508,0.0079295297686955,True,log_NetworkSize_Mentored,0.1547429777635182,0.0053613377589395,0.0053613377589395,4.161976776185279e-72,0.533734461388139
conventional,3,L10,PSM1,T1,,47427,42098,5329,41476,0.2,0.3163052613478712,0.0393985705174053,True,log_h_index,0.2706618112666699,-0.0227075879854483,0.0227075879854483,3.730863137346625e-70,0.0010757216979728
conventional,3,L10,PSM1,T1,,47427,42098,5329,41476,0.2,0.3163052613478712,0.0393985705174053,True,log_AvgTopPubPerYear_Mentored,1.3260207828692234,0.0145072026829854,0.0145072026829854,0.0,0.0366983488343175
conventional,3,L10,PSM1,T1,,47427,42098,5329,41476,0.2,0.3163052613478712,0.0393985705174053,True,log_AvgPaperPerYear_Mentored,1.2578062452837948,0.0393985705174053,0.0393985705174053,0.0,1.4023714368272232e-08
conventional,3,L10,PSM1,T1,,47427,42098,5329,41476,0.2,0.3163052613478712,0.0393985705174053,True,log_NetworkSize_Mentored,1.245096596436044,-0.0121353462912526,0.0121353462912526,0.0,0.0805414971430919
conventional,3,L10,PSM2:topic_continuity,T2,0.1333333333,41083,20608,20475,20607,0.2,0.1087504534561538,0.0138550838741791,True,log_h_index,0.0702983376029385,-0.0018197492249909,0.0018197492249909,1.064692963866727e-12,0.8534528999907758
conventional,3,L10,PSM2:topic_continuity,T2,0.1333333333,41083,20608,20475,20607,0.2,0.1087504534561538,0.0138550838741791,True,log_AvgTopPubPerYear_Mentored,0.4644062973718111,0.0002194536659486,0.0002194536659486,0.0,0.982227982287326
conventional,3,L10,PSM2:topic_continuity,T2,0.1333333333,41083,20608,20475,20607,0.2,0.1087504534561538,0.0138550838741791,True,log_AvgPaperPerYear_Mentored,0.501678578869121,0.0138550838741791,0.0138550838741791,0.0,0.1596199497353449
conventional,3,L10,PSM2:topic_continuity,T2,0.1333333333,41083,20608,20475,20607,0.2,0.1087504534561538,0.0138550838741791,True,log_NetworkSize_Mentored,0.3119487835604875,0.0026307809461578,0.0026307809461578,9.718442200732948e-217,0.7894393422400423
conventional,3,L10,PSM2:network_consistency,T2,0.0,40634,14985,25649,14985,0.2,0.2540579343812345,0.0134597034431608,True,log_h_index,0.5549000005605843,0.0134597034431608,0.0134597034431608,0.0,0.2440033562201779
conventional,3,L10,PSM2:network_consistency,T2,0.0,40634,14985,25649,14985,0.2,0.2540579343812345,0.0134597034431608,True,log_AvgTopPubPerYear_Mentored,0.5990472345394291,0.0014162141716747,0.0014162141716747,0.0,0.902435441980472
conventional,3,L10,PSM2:network_consistency,T2,0.0,40634,14985,25649,14985,0.2,0.2540579343812345,0.0134597034431608,True,log_AvgPaperPerYear_Mentored,0.5998521229858449,0.0077061376435607,0.0077061376435607,0.0,0.5047534275975354
conventional,3,L10,PSM2:network_consistency,T2,0.0,40634,14985,25649,14985,0.2,0.2540579343812345,0.0134597034431608,True,log_NetworkSize_Mentored,0.7199050186635791,0.0107714114484359,0.0107714114484359,0.0,0.3511554083882469
conventional,3,L10,PSM2:direct_percent,T2,0.2857142857,41096,20136,20960,20136,0.2,0.2282961323013444,0.00873033341399,True,log_h_index,0.6063533651232037,0.00873033341399,0.00873033341399,0.0,0.3810370936808342
conventional,3,L10,PSM2:direct_percent,T2,0.2857142857,41096,20136,20960,20136,0.2,0.2282961323013444,0.00873033341399,True,log_AvgTopPubPerYear_Mentored,-0.0895068509938054,0.0008048521404044,0.0008048521404044,1.0282854206199356e-19,0.9356344931750578
conventional,3,L10,PSM2:direct_percent,T2,0.2857142857,41096,20136,20960,20136,0.2,0.2282961323013444,0.00873033341399,True,log_AvgPaperPerYear_Mentored,-0.2294574525776562,-0.0004232457606751,0.0004232457606751,2.7883164389065485e-119,0.9661256435948816
conventional,3,L10,PSM2:direct_percent,T2,0.2857142857,41096,20136,20960,20136,0.2,0.2282961323013444,0.00873033341399,True,log_NetworkSize_Mentored,0.0028629060966949,0.0042285074674408,0.0042285074674408,0.7712907702277291,0.6713595122401387
conventional,3,L10,PSM2:log_PeerCount,T2,0.6931471806,42699,20734,21965,20734,0.2,0.1254946548393314,0.0077848443922857,True,log_h_index,0.3509021217155539,0.0033621615306106,0.0033621615306106,8.54574733277746e-283,0.7321041990629441
conventional,3,L10,PSM2:log_PeerCount,T2,0.6931471806,42699,20734,21965,20734,0.2,0.1254946548393314,0.0077848443922857,True,log_AvgTopPubPerYear_Mentored,0.143001592027253,-0.0015893469289226,0.0015893469289226,2.883885653541716e-49,0.871444559333643
conventional,3,L10,PSM2:log_PeerCount,T2,0.6931471806,42699,20734,21965,20734,0.2,0.1254946548393314,0.0077848443922857,True,log_AvgPaperPerYear_Mentored,0.0700308851680509,0.0077848443922857,0.0077848443922857,4.764290378971677e-13,0.4279916008679372
conventional,3,L10,PSM2:log_PeerCount,T2,0.6931471806,42699,20734,21965,20734,0.2,0.1254946548393314,0.0077848443922857,True,log_NetworkSize_Mentored,0.202042791239249,0.0065225584611381,0.0065225584611381,1.8861366332517093e-96,0.5066191907431599
conventional,3,L20,PSM1,T1,,21908,19968,1940,19968,0.2,0.3055689169479224,0.0510946091901886,True,log_h_index,0.2961149841925652,-0.0252805148345649,0.0252805148345649,4.814122168731e-31,0.0115398878646187
conventional,3,L20,PSM1,T1,,21908,19968,1940,19968,0.2,0.3055689169479224,0.0510946091901886,True,log_AvgTopPubPerYear_Mentored,1.3011140341702347,0.0341273617863327,0.0341273617863327,0.0,0.0006502612153554
conventional,3,L20,PSM1,T1,,21908,19968,1940,19968,0.2,0.3055689169479224,0.0510946091901886,True,log_AvgPaperPerYear_Mentored,1.3357044259949018,0.0460730966455742,0.0460730966455742,0.0,4.164845409045822e-06
conventional,3,L20,PSM1,T1,,21908,19968,1940,19968,0.2,0.3055689169479224,0.0510946091901886,True,log_NetworkSize_Mentored,1.2826302569437238,0.0510946091901886,0.0510946091901886,0.0,3.316725420956849e-07
conventional,3,L20,PSM2:topic_continuity,T2,0.09090909091,19981,9928,10053,9906,0.2,0.1570219010686271,0.0172889565434038,True,log_h_index,0.0816961227839701,-0.0136559315804043,0.0136559315804043,7.832774654256933e-09,0.3365281827508813
conventional,3,L20,PSM2:topic_continuity,T2,0.09090909091,19981,9928,10053,9906,0.2,0.1570219010686271,0.0172889565434038,True,log_AvgTopPubPerYear_Mentored,0.5982185576728044,0.0051618801833925,0.0051618801833925,0.0,0.7163992416310756
conventional,3,L20,PSM2:topic_continuity,T2,0.09090909091,19981,9928,10053,9906,0.2,0.1570219010686271,0.0172889565434038,True,log_AvgPaperPerYear_Mentored,0.7236847954115484,0.0172889565434038,0.0172889565434038,0.0,0.2237121533816339
conventional,3,L20,PSM2:topic_continuity,T2,0.09090909091,19981,9928,10053,9906,0.2,0.1570219010686271,0.0172889565434038,True,log_NetworkSize_Mentored,0.4472785954843727,-0.0028717442176025,0.0028717442176025,4.62984847636777e-214,0.8398356750043605
conventional,3,L20,PSM2:network_consistency,T2,0.0,19393,5880,13513,5880,0.2,0.2491330047650518,0.0155560019909142,True,log_h_index,0.5432789599702506,0.0144685376076199,0.0144685376076199,5.31014738399546e-297,0.4327569174100756
conventional,3,L20,PSM2:network_consistency,T2,0.0,19393,5880,13513,5880,0.2,0.2491330047650518,0.0155560019909142,True,log_AvgTopPubPerYear_Mentored,0.606361637751875,0.0017567265392972,0.0017567265392972,3.6089767685686384e-294,0.9241156424711704
conventional,3,L20,PSM2:network_consistency,T2,0.0,19393,5880,13513,5880,0.2,0.2491330047650518,0.0155560019909142,True,log_AvgPaperPerYear_Mentored,0.6504108143159568,0.0155560019909142,0.0155560019909142,0.0,0.3989806171252356
conventional,3,L20,PSM2:network_consistency,T2,0.0,19393,5880,13513,5880,0.2,0.2491330047650518,0.0155560019909142,True,log_NetworkSize_Mentored,0.781945754522599,0.0150586317335958,0.0150586317335958,0.0,0.4142275655217193
conventional,3,L20,PSM2:direct_percent,T2,0.2222222222,19972,9962,10010,9962,0.2,0.2036805361826275,0.0176441702657455,True,log_h_index,0.6413650054219595,0.0176441702657455,0.0176441702657455,0.0,0.213051400163985
conventional,3,L20,PSM2:direct_percent,T2,0.2222222222,19972,9962,10010,9962,0.2,0.2036805361826275,0.0176441702657455,True,log_AvgTopPubPerYear_Mentored,-0.0046425903664361,7.641853246796028e-05,7.641853246796028e-05,0.7428222252514318,0.9956968204226218
conventional,3,L20,PSM2:direct_percent,T2,0.2222222222,19972,9962,10010,9962,0.2,0.2036805361826275,0.0176441702657455,True,log_AvgPaperPerYear_Mentored,-0.1210916352065103,0.0014271418855826,0.0014271418855826,1.2309516118674229e-17,0.919771960984781
conventional,3,L20,PSM2:direct_percent,T2,0.2222222222,19972,9962,10010,9962,0.2,0.2036805361826275,0.0176441702657455,True,log_NetworkSize_Mentored,0.1015163165314684,0.0057274982129146,0.0057274982129146,7.489135739845957e-13,0.6860515685372508
conventional,3,L20,PSM2:log_PeerCount,T2,0.6931471806,21396,8412,12984,8412,0.2,0.1324119673648209,0.008812903707272,True,log_h_index,0.3531249727506161,0.004402033525016,0.004402033525016,1.6202689663203216e-135,0.7752737503929317
conventional,3,L20,PSM2:log_PeerCount,T2,0.6931471806,21396,8412,12984,8412,0.2,0.1324119673648209,0.008812903707272,True,log_AvgTopPubPerYear_Mentored,0.1639343707872556,-0.0002690892037353,0.0002690892037353,1.3424061556818127e-31,0.986076690768345
conventional,3,L20,PSM2:log_PeerCount,T2,0.6931471806,21396,8412,12984,8412,0.2,0.1324119673648209,0.008812903707272,True,log_AvgPaperPerYear_Mentored,0.0753668156931596,0.008812903707272,0.008812903707272,6.824303587816284e-08,0.5676350237154986
conventional,3,L20,PSM2:log_PeerCount,T2,0.6931471806,21396,8412,12984,8412,0.2,0.1324119673648209,0.008812903707272,True,log_NetworkSize_Mentored,0.1820277789337307,0.0079572057925265,0.0079572057925265,3.388846744185609e-39,0.6058234178429275
landmark,3,early1_3_to_later4_10,PSM1,T1,,47473,40294,7179,40294,0.2,0.2719911874329596,0.0350727434114321,True,log_h_index,0.2496363186597164,-0.0105636742588735,0.0105636742588735,3.55298760453661e-78,0.1337714102429934
landmark,3,early1_3_to_later4_10,PSM1,T1,,47473,40294,7179,40294,0.2,0.2719911874329596,0.0350727434114321,True,log_AvgTopPubPerYear_Mentored,1.1505829077317378,0.0132673885947637,0.0132673885947637,0.0,0.0596802766791869
landmark,3,early1_3_to_later4_10,PSM1,T1,,47473,40294,7179,40294,0.2,0.2719911874329596,0.0350727434114321,True,log_AvgPaperPerYear_Mentored,1.0679352829029227,0.0350727434114321,0.0350727434114321,0.0,6.430089193135389e-07
landmark,3,early1_3_to_later4_10,PSM1,T1,,47473,40294,7179,40294,0.2,0.2719911874329596,0.0350727434114321,True,log_NetworkSize_Mentored,1.0140989515736258,0.0141262821628003,0.0141262821628003,0.0,0.0449571647048112
landmark,3,early1_3_to_later4_10,PSM2:topic_continuity,T2,0.1666666667,37894,18087,19807,18083,0.2,0.0606751758456425,0.0128019492676262,True,log_h_index,0.0494147647216277,-0.0030196344948495,0.0030196344948495,1.5475635730634867e-06,0.7740164269366657
landmark,3,early1_3_to_later4_10,PSM2:topic_continuity,T2,0.1666666667,37894,18087,19807,18083,0.2,0.0606751758456425,0.0128019492676262,True,log_AvgTopPubPerYear_Mentored,0.2649758897373518,0.0014586406820002,0.0014586406820002,2.145197801585256e-144,0.8896899831877352
landmark,3,early1_3_to_later4_10,PSM2:topic_continuity,T2,0.1666666667,37894,18087,19807,18083,0.2,0.0606751758456425,0.0128019492676262,True,log_AvgPaperPerYear_Mentored,0.257141985305426,0.0128019492676262,0.0128019492676262,2.8541383708643848e-136,0.2234994017978388
landmark,3,early1_3_to_later4_10,PSM2:topic_continuity,T2,0.1666666667,37894,18087,19807,18083,0.2,0.0606751758456425,0.0128019492676262,True,log_NetworkSize_Mentored,0.1326933172792498,0.0019288662439919,0.0019288662439919,4.396726064178585e-38,0.854477575557829
landmark,3,early1_3_to_later4_10,PSM2:network_consistency,T2,0.0,37412,12134,25278,12134,0.2,0.2375914483489153,0.0126553511321478,True,log_h_index,0.517091160864012,0.0126553511321478,0.0126553511321478,0.0,0.3242718622239019
landmark,3,early1_3_to_later4_10,PSM2:network_consistency,T2,0.0,37412,12134,25278,12134,0.2,0.2375914483489153,0.0126553511321478,True,log_AvgTopPubPerYear_Mentored,0.5825706772074344,-0.0001151776723889,0.0001151776723889,0.0,0.9928421094066864
landmark,3,early1_3_to_later4_10,PSM2:network_consistency,T2,0.0,37412,12134,25278,12134,0.2,0.2375914483489153,0.0126553511321478,True,log_AvgPaperPerYear_Mentored,0.5928362342267363,0.0088605334954116,0.0088605334954116,0.0,0.4901030912830146
landmark,3,early1_3_to_later4_10,PSM2:network_consistency,T2,0.0,37412,12134,25278,12134,0.2,0.2375914483489153,0.0126553511321478,True,log_NetworkSize_Mentored,0.6932089453100383,0.010120214067814,0.010120214067814,0.0,0.4305446930732203
landmark,3,early1_3_to_later4_10,PSM2:direct_percent,T2,0.275862069,39373,19685,19688,19685,0.2,0.2270383891444326,0.0098496983678303,True,log_h_index,0.6154731002620657,0.0098496983678303,0.0098496983678303,0.0,0.3284848575737442
landmark,3,early1_3_to_later4_10,PSM2:direct_percent,T2,0.275862069,39373,19685,19688,19685,0.2,0.2270383891444326,0.0098496983678303,True,log_AvgTopPubPerYear_Mentored,-0.0843955398445589,0.0004399292502977,0.0004399292502977,5.79825060144623e-17,0.9651875180829704
landmark,3,early1_3_to_later4_10,PSM2:direct_percent,T2,0.275862069,39373,19685,19688,19685,0.2,0.2270383891444326,0.0098496983678303,True,log_AvgPaperPerYear_Mentored,-0.2196938627692209,-0.0004808050767751,0.0004808050767751,1.1028807116303888e-104,0.9619552804319036
landmark,3,early1_3_to_later4_10,PSM2:direct_percent,T2,0.275862069,39373,19685,19688,19685,0.2,0.2270383891444326,0.0098496983678303,True,log_NetworkSize_Mentored,0.0070384268575747,0.0034850431051645,0.0034850431051645,0.4849877112905242,0.7295332435793545
landmark,3,early1_3_to_later4_10,PSM2:log_PeerCount,T2,0.6931471806,40850,19611,21239,19611,0.2,0.127156263237865,0.0073448851654404,True,log_h_index,0.3586084598215368,0.0033329914238406,0.0033329914238406,5.1305216632746034e-282,0.7413700714335896
landmark,3,early1_3_to_later4_10,PSM2:log_PeerCount,T2,0.6931471806,40850,19611,21239,19611,0.2,0.127156263237865,0.0073448851654404,True,log_AvgTopPubPerYear_Mentored,0.1559109689353305,-0.0012257013161551,0.0012257013161551,1.0131812659050572e-55,0.9033967906032814
landmark,3,early1_3_to_later4_10,PSM2:log_PeerCount,T2,0.6931471806,40850,19611,21239,19611,0.2,0.127156263237865,0.0073448851654404,True,log_AvgPaperPerYear_Mentored,0.0830467022694737,0.0073448851654404,0.0073448851654404,5.0814630612977906e-17,0.4670400846091718
landmark,3,early1_3_to_later4_10,PSM2:log_PeerCount,T2,0.6931471806,40850,19611,21239,19611,0.2,0.127156263237865,0.0073448851654404,True,log_NetworkSize_Mentored,0.2141958544006154,0.0061988309924176,0.0061988309924176,1.5882472334761728e-103,0.5393344474342032
landmark,3,early1_3_to_later6_20,PSM1,T1,,23332,20770,2562,20614,0.2,0.2718437857152538,0.0528218751654493,True,log_h_index,0.2940487634968636,-0.0013787030787618,0.0013787030787618,2.45401416329029e-39,0.8886838896515512
landmark,3,early1_3_to_later6_20,PSM1,T1,,23332,20770,2562,20614,0.2,0.2718437857152538,0.0528218751654493,True,log_AvgTopPubPerYear_Mentored,1.1232552710833157,0.0217606209923922,0.0217606209923922,0.0,0.0271653743122592
landmark,3,early1_3_to_later6_20,PSM1,T1,,23332,20770,2562,20614,0.2,0.2718437857152538,0.0528218751654493,True,log_AvgPaperPerYear_Mentored,1.183239974985177,0.0528218751654493,0.0528218751654493,0.0,8.24488976184264e-08
landmark,3,early1_3_to_later6_20,PSM1,T1,,23332,20770,2562,20614,0.2,0.2718437857152538,0.0528218751654493,True,log_NetworkSize_Mentored,1.1050275685505409,0.0423858980085746,0.0423858980085746,0.0,1.6876977724989264e-05
landmark,3,early1_3_to_later6_20,PSM2:topic_continuity,T2,0.1612903226,18511,9362,9149,9354,0.2,0.0657445868147227,0.0155273884821195,True,log_h_index,0.0776836985455481,-0.0009666916475562,0.0009666916475562,1.281520614853979e-07,0.9472904116115368
landmark,3,early1_3_to_later6_20,PSM2:topic_continuity,T2,0.1612903226,18511,9362,9149,9354,0.2,0.0657445868147227,0.0155273884821195,True,log_AvgTopPubPerYear_Mentored,0.2666657520339545,0.0011422085334304,0.0011422085334304,5.5402052301797696e-73,0.9377381769606428
landmark,3,early1_3_to_later6_20,PSM2:topic_continuity,T2,0.1612903226,18511,9362,9149,9354,0.2,0.0657445868147227,0.0155273884821195,True,log_AvgPaperPerYear_Mentored,0.2737246616613687,0.0155273884821195,0.0155273884821195,9.248671434651419e-77,0.2882964859117246
landmark,3,early1_3_to_later6_20,PSM2:topic_continuity,T2,0.1612903226,18511,9362,9149,9354,0.2,0.0657445868147227,0.0155273884821195,True,log_NetworkSize_Mentored,0.1592007942877882,0.0097872625092445,0.0097872625092445,3.1861208252412406e-27,0.5032887089642832
landmark,3,early1_3_to_later6_20,PSM2:network_consistency,T2,0.0,17681,4469,13212,4469,0.2,0.2184302476164684,0.0140136369977725,True,log_h_index,0.4702622543950697,0.0106489139298612,0.0106489139298612,7.802508166180644e-183,0.6147099152376798
landmark,3,early1_3_to_later6_20,PSM2:network_consistency,T2,0.0,17681,4469,13212,4469,0.2,0.2184302476164684,0.0140136369977725,True,log_AvgTopPubPerYear_Mentored,0.578894030624165,-0.0014738535116654,0.0014738535116654,8.177185749808575e-214,0.9444580466891944
landmark,3,early1_3_to_later6_20,PSM2:network_consistency,T2,0.0,17681,4469,13212,4469,0.2,0.2184302476164684,0.0140136369977725,True,log_AvgPaperPerYear_Mentored,0.6316502140888586,0.0140136369977725,0.0140136369977725,8.132073866276691e-256,0.5077117461564911
landmark,3,early1_3_to_later6_20,PSM2:network_consistency,T2,0.0,17681,4469,13212,4469,0.2,0.2184302476164684,0.0140136369977725,True,log_NetworkSize_Mentored,0.7280896540755816,0.0116114121321672,0.0116114121321672,0.0,0.583103421713939
landmark,3,early1_3_to_later6_20,PSM2:direct_percent,T2,0.2222222222,19438,9674,9764,9674,0.2,0.2006332958171414,0.0176852321770509,True,log_h_index,0.6367980797414408,0.0176852321770509,0.0176852321770509,0.0,0.2187187500130159
landmark,3,early1_3_to_later6_20,PSM2:direct_percent,T2,0.2222222222,19438,9674,9764,9674,0.2,0.2006332958171414,0.0176852321770509,True,log_AvgTopPubPerYear_Mentored,-0.007476278720503,-7.161761662871361e-05,7.161761662871361e-05,0.602102496208376,0.9960258838026356
landmark,3,early1_3_to_later6_20,PSM2:direct_percent,T2,0.2222222222,19438,9674,9764,9674,0.2,0.2006332958171414,0.0176852321770509,True,log_AvgPaperPerYear_Mentored,-0.1222807319717244,0.0015320376284075,0.0015320376284075,1.6086548563794405e-17,0.9151463088935016
landmark,3,early1_3_to_later6_20,PSM2:direct_percent,T2,0.2222222222,19438,9674,9764,9674,0.2,0.2006332958171414,0.0176852321770509,True,log_NetworkSize_Mentored,0.1005655009959551,0.0060062380788637,0.0060062380788637,2.397516700699512e-12,0.6761527453023515
landmark,3,early1_3_to_later6_20,PSM2:log_PeerCount,T2,0.6931471806,20764,8061,12703,8061,0.2,0.1320042561244357,0.0082161560738698,True,log_h_index,0.3555625453608169,0.0046008354063593,0.0046008354063593,1.0561171433782344e-132,0.7702218434144342
landmark,3,early1_3_to_later6_20,PSM2:log_PeerCount,T2,0.6931471806,20764,8061,12703,8061,0.2,0.1320042561244357,0.0082161560738698,True,log_AvgTopPubPerYear_Mentored,0.171034082256466,0.0002075582484613,0.0002075582484613,4.19296087702828e-33,0.9894866719537024
landmark,3,early1_3_to_later6_20,PSM2:log_PeerCount,T2,0.6931471806,20764,8061,12703,8061,0.2,0.1320042561244357,0.0082161560738698,True,log_AvgPaperPerYear_Mentored,0.085138306361458,0.0082161560738698,0.0082161560738698,2.104488471164751e-09,0.6019471980414489
landmark,3,early1_3_to_later6_20,PSM2:log_PeerCount,T2,0.6931471806,20764,8061,12703,8061,0.2,0.1320042561244357,0.0082161560738698,True,log_NetworkSize_Mentored,0.1873547329060427,0.0061051601454861,0.0061051601454861,4.371210032829443e-40,0.6983219744944189
overall,1,overall_career,PSM1,T1,,68839,63160,5679,62964,0.2,0.2518303927093988,0.0282740367752466,True,log_h_index,0.2910744554703244,-0.0044529233739037,0.0044529233739037,8.610629083178013e-90,0.4294768973635646
overall,1,overall_career,PSM1,T1,,68839,63160,5679,62964,0.2,0.2518303927093988,0.0282740367752466,True,log_AvgTopPubPerYear_Mentored,1.044273969433055,0.0066028465751737,0.0066028465751737,0.0,0.2413783257641981
overall,1,overall_career,PSM1,T1,,68839,63160,5679,62964,0.2,0.2518303927093988,0.0282740367752466,True,log_AvgPaperPerYear_Mentored,0.9492739864273492,0.0282740367752466,0.0282740367752466,0.0,5.263525560724655e-07
overall,1,overall_career,PSM1,T1,,68839,63160,5679,62964,0.2,0.2518303927093988,0.0282740367752466,True,log_NetworkSize_Mentored,0.8795614104857122,-0.0057246346733381,0.0057246346733381,0.0,0.3097592011799845
overall,2,overall_career,PSM1,T1,,69857,62958,6899,62762,0.2,0.2439096535413928,0.0259980799982031,True,log_h_index,0.2686941251174522,-0.0054465797024594,0.0054465797024594,1.435322817466316e-93,0.3346246443982655
overall,2,overall_career,PSM1,T1,,69857,62958,6899,62762,0.2,0.2439096535413928,0.0259980799982031,True,log_AvgTopPubPerYear_Mentored,1.00660186216558,0.0118328399093639,0.0118328399093639,0.0,0.0360708754697037
overall,2,overall_career,PSM1,T1,,69857,62958,6899,62762,0.2,0.2439096535413928,0.0259980799982031,True,log_AvgPaperPerYear_Mentored,0.9254480093110468,0.0259980799982031,0.0259980799982031,0.0,4.119243245376884e-06
overall,2,overall_career,PSM1,T1,,69857,62958,6899,62762,0.2,0.2439096535413928,0.0259980799982031,True,log_NetworkSize_Mentored,0.8363843506929126,0.0062063584747306,0.0062063584747306,0.0,0.2715797251685418
overall,3,overall_career,PSM1,T1,,70292,61993,8299,61993,0.2,0.2294083953048854,0.0223824775504819,True,log_h_index,0.2490290047881121,0.0009755993526947,0.0009755993526947,5.4203723881027574e-96,0.8636246901975781
overall,3,overall_career,PSM1,T1,,70292,61993,8299,61993,0.2,0.2294083953048854,0.0223824775504819,True,log_AvgTopPubPerYear_Mentored,0.9815210949592188,0.009995232403151,0.009995232403151,0.0,0.0784538722774056
overall,3,overall_career,PSM1,T1,,70292,61993,8299,61993,0.2,0.2294083953048854,0.0223824775504819,True,log_AvgPaperPerYear_Mentored,0.9000746197192064,0.0223824775504819,0.0223824775504819,0.0,8.131605033948423e-05
overall,3,overall_career,PSM1,T1,,70292,61993,8299,61993,0.2,0.2294083953048854,0.0223824775504819,True,log_NetworkSize_Mentored,0.7803268785628297,-0.0088720487033706,0.0088720487033706,0.0,0.1182912066877694
