family,gap,horizon,raw_rows,complete_regression_rows,complete_case_retention,unique_mentees,unique_mentors,raw_zero_count_rows,raw_zero_count_share,raw_count_mean,zero_count_rows,zero_count_share,count_mean,count_variance,rate_skewness
conventional,1,L5,105322,58501,0.5554490040067602,40303,29198,42588,0.40435996278080555,6.143455308482558,3280,0.05606741765098033,10.284678894377874,270.3937257725304,25.109483267665638
conventional,1,L10,81857,46394,0.5667688774325959,32549,23788,29224,0.35701283946394324,14.141625029014012,1611,0.03472431779971548,22.931197999741347,1088.8293575327134,14.364125884693452
conventional,1,L20,40843,22234,0.544377249467473,16108,12961,13935,0.34118453590578557,33.08192346301692,493,0.022173248178465412,54.40757398578753,4268.837069425665,4.347070790544498
conventional,2,L5,101696,57751,0.5678787759597231,39386,28990,41339,0.4064958307111391,6.5985977816236625,3356,0.058111547851985246,10.941732610690725,309.33050961445844,24.385067262868507
conventional,2,L10,76903,44736,0.5817198288753365,31111,23193,27818,0.3617284111153011,14.945879874647282,1701,0.0380230686695279,24.001117668097283,1248.8439017350308,15.341872968400569
conventional,2,L20,38263,21440,0.5603324360348116,15448,12615,13261,0.346575020254554,34.07620939288608,550,0.025652985074626867,55.51930970149254,4616.772984084312,4.4974951111165975
conventional,3,L5,97140,56070,0.577208153180976,38035,28385,39574,0.40739139386452544,7.005754581017089,3339,0.05955056179775281,11.541983235241663,348.51655409342493,23.8924111857027
conventional,3,L10,72255,42823,0.5926648674832191,29671,22446,26414,0.36556639678914954,15.742329250570895,1738,0.0405856665810429,25.085071106648297,1407.9752250235504,15.521157861663886
conventional,3,L20,35895,20568,0.5730045967404931,14784,12246,12585,0.3506059339740911,35.11463992199471,580,0.028199144301828082,56.78077596266044,5029.850854223544,4.6792261264162835
landmark,3,early1_3_to_later4_10,72255,40769,0.5642377690125251,28292,21758,28440,0.3936059788249948,11.862694623209466,2873,0.07047021020873703,19.647403664549046,900.9728813696502,15.425701288916615
landmark,3,early1_3_to_later6_20,35895,19319,0.5382086641593536,13889,11739,13282,0.3700236801782978,29.06978687839532,806,0.04172058595165381,49.20591127905171,4000.439842889116,4.994099901137356
