Variable,Available N,Mean,Median,SD
Topic continuity (TC),66269,0.12596945903647566,0.1063829787,0.11040668628399805
Network consistency (NC),66794,0.12256968581850237,0.0,0.22288581884392475
Direct mentor collaboration (DP),66794,0.3537860965231026,0.3235294118,0.30914677792505574
Log peer count (PC),76050,1.0592058937946276,0.6931471806,1.019950711687817
Mentored-period citation-elite journal rate,76050,1.233982166043311,0.75,2.140392881806392
Post-graduation citation-elite journal rate,70913,2.5110215474765587,1.454545455,4.068424679184214
Mentored-period publication rate,76050,2.645122775517434,1.545454545,8.430902389267592
Mentor h-index,70377,52.611620273668954,46.0,36.06119232053574
Mentored-period coauthorship network size,76050,91.69627876397107,20.0,1220.4181208738344
Observed post-graduation career years,76050,16.53595003287311,12.0,17.737015535583666
