family,gap,horizon,variable,vif,nobs
conventional,1,L5,topic_continuity,1.025985085631774,58501
conventional,1,L5,network_consistency,1.0768652571375186,58501
conventional,1,L5,direct_percent,1.1105496345472905,58501
conventional,1,L5,log_PeerCount,1.0830812112991326,58501
conventional,1,L5,h_index,1.1415498153097474,58501
conventional,1,L5,AvgTopPubPerYear_Mentored,3.122856150563365,58501
conventional,1,L5,AvgPaperPerYear_Mentored,2.838374184287603,58501
conventional,1,L5,NetworkSize_Mentored,1.2293369861076289,58501
conventional,1,L10,topic_continuity,1.032805183791199,46394
conventional,1,L10,network_consistency,1.0858340905586623,46394
conventional,1,L10,direct_percent,1.1257095258483774,46394
conventional,1,L10,log_PeerCount,1.0921601258756866,46394
conventional,1,L10,h_index,1.1657659406809937,46394
conventional,1,L10,AvgTopPubPerYear_Mentored,2.4232418253138506,46394
conventional,1,L10,AvgPaperPerYear_Mentored,2.3341796154455325,46394
conventional,1,L10,NetworkSize_Mentored,1.1027736751860555,46394
conventional,1,L20,topic_continuity,1.052904457366035,22234
conventional,1,L20,network_consistency,1.1106858035118603,22234
conventional,1,L20,direct_percent,1.1482531250405006,22234
conventional,1,L20,log_PeerCount,1.0985828677517058,22234
conventional,1,L20,h_index,1.1917805286498029,22234
conventional,1,L20,AvgTopPubPerYear_Mentored,3.309581060643614,22234
conventional,1,L20,AvgPaperPerYear_Mentored,3.3791257988181727,22234
conventional,1,L20,NetworkSize_Mentored,1.1258912725792205,22234
conventional,2,L5,topic_continuity,1.0279589746646167,57751
conventional,2,L5,network_consistency,1.0666154035555926,57751
conventional,2,L5,direct_percent,1.097851546764039,57751
conventional,2,L5,log_PeerCount,1.0911434531240152,57751
conventional,2,L5,h_index,1.152416950010703,57751
conventional,2,L5,AvgTopPubPerYear_Mentored,2.7122939382893247,57751
conventional,2,L5,AvgPaperPerYear_Mentored,2.369011304466731,57751
conventional,2,L5,NetworkSize_Mentored,1.2665317963819784,57751
conventional,2,L10,topic_continuity,1.0350006598549275,44736
conventional,2,L10,network_consistency,1.073277259486136,44736
conventional,2,L10,direct_percent,1.1128825239733846,44736
conventional,2,L10,log_PeerCount,1.1003109027350102,44736
conventional,2,L10,h_index,1.1809995933396205,44736
conventional,2,L10,AvgTopPubPerYear_Mentored,2.4843843659681433,44736
conventional,2,L10,AvgPaperPerYear_Mentored,2.368256783484982,44736
conventional,2,L10,NetworkSize_Mentored,1.1147240287771725,44736
conventional,2,L20,topic_continuity,1.0636634151253384,21440
conventional,2,L20,network_consistency,1.0940807870018585,21440
conventional,2,L20,direct_percent,1.134906755974537,21440
conventional,2,L20,log_PeerCount,1.1073855771901784,21440
conventional,2,L20,h_index,1.2080128061277202,21440
conventional,2,L20,AvgTopPubPerYear_Mentored,3.4598718886249524,21440
conventional,2,L20,AvgPaperPerYear_Mentored,3.538554394845738,21440
conventional,2,L20,NetworkSize_Mentored,1.1427532714067896,21440
conventional,3,L5,topic_continuity,1.0267804480905933,56070
conventional,3,L5,network_consistency,1.0612550370306297,56070
conventional,3,L5,direct_percent,1.0934794418169018,56070
conventional,3,L5,log_PeerCount,1.097379118404303,56070
conventional,3,L5,h_index,1.157859381834481,56070
conventional,3,L5,AvgTopPubPerYear_Mentored,2.4340815789793453,56070
conventional,3,L5,AvgPaperPerYear_Mentored,2.0681890483908485,56070
conventional,3,L5,NetworkSize_Mentored,1.2915027345029881,56070
conventional,3,L10,topic_continuity,1.035965991364925,42823
conventional,3,L10,network_consistency,1.0686236547002126,42823
conventional,3,L10,direct_percent,1.107442241953659,42823
conventional,3,L10,log_PeerCount,1.1074600068406033,42823
conventional,3,L10,h_index,1.1849595862944524,42823
conventional,3,L10,AvgTopPubPerYear_Mentored,2.2988443997615535,42823
conventional,3,L10,AvgPaperPerYear_Mentored,2.177210416836047,42823
conventional,3,L10,NetworkSize_Mentored,1.1220817093794435,42823
conventional,3,L20,topic_continuity,1.0707179615966538,20568
conventional,3,L20,network_consistency,1.087969832655155,20568
conventional,3,L20,direct_percent,1.1282983513369924,20568
conventional,3,L20,log_PeerCount,1.1120413235882043,20568
conventional,3,L20,h_index,1.2065960795398227,20568
conventional,3,L20,AvgTopPubPerYear_Mentored,3.5745815471943363,20568
conventional,3,L20,AvgPaperPerYear_Mentored,3.682334098713406,20568
conventional,3,L20,NetworkSize_Mentored,1.158203060694609,20568
landmark,3,early1_3_to_later4_10,topic_continuity,1.0192823784019185,40769
landmark,3,early1_3_to_later4_10,network_consistency,1.0592763557632279,40769
landmark,3,early1_3_to_later4_10,direct_percent,1.1045806159910134,40769
landmark,3,early1_3_to_later4_10,log_PeerCount,1.1057625346642266,40769
landmark,3,early1_3_to_later4_10,h_index,1.1853773663687945,40769
landmark,3,early1_3_to_later4_10,AvgTopPubPerYear_Mentored,2.2694105951263954,40769
landmark,3,early1_3_to_later4_10,AvgPaperPerYear_Mentored,2.1583111346642903,40769
landmark,3,early1_3_to_later4_10,NetworkSize_Mentored,1.1219300675392516,40769
landmark,3,early1_3_to_later6_20,topic_continuity,1.0199272441669969,19319
landmark,3,early1_3_to_later6_20,network_consistency,1.0745412764398838,19319
landmark,3,early1_3_to_later6_20,direct_percent,1.1241435048933606,19319
landmark,3,early1_3_to_later6_20,log_PeerCount,1.1086091347797853,19319
landmark,3,early1_3_to_later6_20,h_index,1.206348132429069,19319
landmark,3,early1_3_to_later6_20,AvgTopPubPerYear_Mentored,3.5246379605823663,19319
landmark,3,early1_3_to_later6_20,AvgPaperPerYear_Mentored,3.555296298458521,19319
landmark,3,early1_3_to_later6_20,NetworkSize_Mentored,1.1561189908265592,19319
